Time, HR, GSR,label
0,412,528,elated
0,411,528,elated
0,411,527,elated
0,410,528,elated
0,409,528,elated
0,408,529,elated
0,407,530,elated
0,406,531,elated
0,404,534,elated
0,74,520,elated
0,0,526,elated
0,0,527,elated
0,0,527,elated
0,96,523,elated
0,403,532,elated
0,412,541,elated
0,419,543,elated
0,424,543,elated
0,429,542,elated
0,432,544,elated
0,431,535,elated
0,429,530,elated
0,423,524,elated
0,417,519,elated
0,412,517,elated
0,408,516,elated
0,402,517,elated
1,0,515,elated
1,0,519,elated
1,0,521,elated
1,0,522,elated
1,0,528,elated
1,0,525,elated
1,0,525,elated
1,0,526,elated
1,0,527,elated
1,0,527,elated
1,0,527,elated
1,0,528,elated
1,0,528,elated
1,0,528,elated
1,0,531,elated
1,0,528,elated
1,0,528,elated
1,0,528,elated
1,0,528,elated
1,0,529,elated
1,0,529,elated
1,0,529,elated
1,0,531,elated
1,0,537,elated
1,0,540,elated
1,405,537,elated
1,408,540,elated
1,411,541,elated
1,409,538,elated
1,406,535,elated
1,405,535,elated
1,402,534,elated
1,60,526,elated
1,429,559,elated
1,439,561,elated
1,440,555,elated
1,440,550,elated
1,442,546,elated
1,443,542,elated
1,434,531,elated
1,409,510,elated
1,414,519,elated
1,417,522,elated
1,405,516,elated
2,405,520,elated
2,401,521,elated
2,0,522,elated
2,0,525,elated
2,0,528,elated
2,0,529,elated
2,3,531,elated
2,0,532,elated
2,0,533,elated
2,0,534,elated
2,0,535,elated
2,0,532,elated
2,63,525,elated
2,225,523,elated
2,191,521,elated
2,44,520,elated
2,0,524,elated
2,0,527,elated
2,0,530,elated
2,0,530,elated
2,0,530,elated
2,0,530,elated
2,0,530,elated
2,0,530,elated
2,0,529,elated
2,0,530,elated
2,0,530,elated
2,0,529,elated
2,0,529,elated
2,0,529,elated
2,0,529,elated
2,0,529,elated
2,0,529,elated
2,0,528,elated
2,0,529,elated
2,0,529,elated
2,0,529,elated
2,0,529,elated
2,0,529,elated
2,0,528,elated
2,0,528,elated
2,0,528,elated
2,0,528,elated
2,1,528,elated
3,0,528,elated
3,0,528,elated
3,0,528,elated
3,0,527,elated
3,0,528,elated
3,0,528,elated
3,0,528,elated
3,0,528,elated
3,0,528,elated
3,3,528,elated
3,0,527,elated
3,0,532,elated
3,0,528,elated
3,0,528,elated
3,0,528,elated
3,0,528,elated
3,0,528,elated
3,0,528,elated
3,0,528,elated
3,0,523,elated
3,0,524,elated
3,0,522,elated
3,0,520,elated
3,121,515,elated
3,222,510,elated
3,284,513,elated
3,311,511,elated
3,312,511,elated
3,311,511,elated
3,307,511,elated
3,307,510,elated
3,307,510,elated
3,305,510,elated
3,301,510,elated
3,295,510,elated
3,296,510,elated
3,312,510,elated
3,329,510,elated
3,328,510,elated
3,307,510,elated
3,275,510,elated
3,241,510,elated
3,210,510,elated
3,189,510,elated
3,178,510,elated
4,177,510,elated
4,183,510,elated
4,190,510,elated
4,195,510,elated
4,193,510,elated
4,183,515,elated
4,168,509,elated
4,156,509,elated
4,147,514,elated
4,146,509,elated
4,143,509,elated
4,141,509,elated
4,139,509,elated
4,140,509,elated
4,145,509,elated
4,155,509,elated
4,166,509,elated
4,183,509,elated
4,207,509,elated
4,242,509,elated
4,284,508,elated
4,334,510,elated
4,393,515,elated
4,398,522,elated
4,399,525,elated
4,401,528,elated
4,403,531,elated
4,405,538,elated
4,408,539,elated
4,410,540,elated
4,412,540,elated
4,413,539,elated
4,415,537,elated
4,415,536,elated
4,416,534,elated
4,416,532,elated
4,415,530,elated
4,413,529,elated
4,411,527,elated
4,408,526,elated
4,405,526,elated
4,403,527,elated
4,401,527,elated
5,80,517,elated
5,0,524,elated
5,0,526,elated
5,0,527,elated
5,0,527,elated
5,0,528,elated
5,0,529,elated
5,0,529,elated
5,0,530,elated
5,0,530,elated
5,0,527,elated
5,43,521,elated
5,382,520,elated
5,402,528,elated
5,405,536,elated
5,407,539,elated
5,409,540,elated
5,410,540,elated
5,411,539,elated
5,412,538,elated
5,413,537,elated
5,414,536,elated
5,415,539,elated
5,416,534,elated
5,416,532,elated
5,416,531,elated
5,415,529,elated
5,414,527,elated
5,412,532,elated
5,411,526,elated
5,410,526,elated
5,409,527,elated
5,408,528,elated
5,407,529,elated
5,408,531,elated
5,408,533,elated
5,409,534,elated
5,410,534,elated
5,411,534,elated
5,410,533,elated
5,409,532,elated
5,407,531,elated
5,405,532,elated
5,403,532,elated
6,244,522,elated
6,0,526,elated
6,0,528,elated
6,0,529,elated
6,0,528,elated
6,52,522,elated
6,346,522,elated
6,406,537,elated
6,409,539,elated
6,410,539,elated
6,412,539,elated
6,413,538,elated
6,414,537,elated
6,415,536,elated
6,416,534,elated
6,416,533,elated
6,417,531,elated
6,417,530,elated
6,418,529,elated
6,418,528,elated
6,418,528,elated
6,419,527,elated
6,419,526,elated
6,419,526,elated
6,418,525,elated
6,418,524,elated
6,417,524,elated
6,417,523,elated
6,416,523,elated
6,415,523,elated
6,414,523,elated
6,413,523,elated
6,411,523,elated
6,408,523,elated
6,405,523,elated
6,0,516,elated
6,0,523,elated
6,0,525,elated
6,0,526,elated
6,0,528,elated
6,0,528,elated
6,0,530,elated
6,0,526,elated
6,0,531,elated
6,0,531,elated
7,0,532,elated
7,0,532,elated
7,0,532,elated
7,0,532,elated
7,0,536,elated
7,0,533,elated
7,0,529,elated
7,0,534,elated
7,0,534,elated
7,0,534,elated
7,0,534,elated
7,0,535,elated
7,0,535,elated
7,0,530,elated
7,156,524,elated
7,399,530,elated
7,406,538,elated
7,407,539,elated
7,407,540,elated
7,407,539,elated
7,407,539,elated
7,408,539,elated
7,409,539,elated
7,409,538,elated
7,409,537,elated
7,410,537,elated
7,410,537,elated
7,411,536,elated
7,412,536,elated
7,413,535,elated
7,412,533,elated
7,411,531,elated
7,409,530,elated
7,406,529,elated
7,402,528,elated
7,0,525,elated
7,0,526,elated
7,0,527,elated
7,0,528,elated
7,0,529,elated
7,0,529,elated
7,0,530,elated
7,0,530,elated
7,0,530,elated
8,0,531,elated
8,0,531,elated
8,0,531,elated
8,0,531,elated
8,0,531,elated
8,0,531,elated
8,0,531,elated
8,0,531,elated
8,0,531,elated
8,0,532,elated
8,0,532,elated
8,0,532,elated
8,0,532,elated
8,0,532,elated
8,0,532,elated
8,0,532,elated
8,0,532,elated
8,0,532,elated
8,0,532,elated
8,0,533,elated
8,0,533,elated
8,0,529,elated
8,0,527,elated
8,49,521,elated
8,155,519,elated
8,220,518,elated
8,210,517,elated
8,181,516,elated
8,146,515,elated
8,118,515,elated
8,178,513,elated
8,180,513,elated
8,172,513,elated
8,154,513,elated
8,131,512,elated
8,114,512,elated
8,117,512,elated
8,138,512,elated
8,166,512,elated
9,197,512,elated
9,221,512,elated
9,225,512,elated
9,210,512,elated
9,192,512,elated
9,188,512,elated
9,197,512,elated
9,221,512,elated
9,257,517,elated
9,279,512,elated
9,272,513,elated
9,266,513,elated
9,266,513,elated
9,261,516,elated
9,251,513,elated
9,237,513,elated
9,216,513,elated
9,184,513,elated
9,159,512,elated
9,153,512,elated
9,161,512,elated
9,176,512,elated
9,190,512,elated
9,206,512,elated
9,233,512,elated
9,263,513,elated
9,280,513,elated
9,274,513,elated
9,246,513,elated
9,225,513,elated
9,212,513,elated
9,191,513,elated
9,173,513,elated
9,167,512,elated
9,184,513,elated
9,220,513,elated
9,251,511,elated
9,269,512,elated
9,269,513,elated
9,256,514,elated
9,236,509,elated
9,213,513,elated
9,195,513,elated
9,192,513,elated
10,193,513,elated
10,204,513,elated
10,204,513,elated
10,193,513,elated
10,177,513,elated
10,165,513,elated
10,163,513,elated
10,196,510,elated
10,235,513,elated
10,276,513,elated
10,310,513,elated
10,326,513,elated
10,329,514,elated
10,326,514,elated
10,318,514,elated
10,306,514,elated
10,288,514,elated
10,266,514,elated
10,234,514,elated
10,199,514,elated
10,178,514,elated
10,172,513,elated
10,175,513,elated
10,178,513,elated
10,173,513,elated
10,159,513,elated
10,143,513,elated
10,139,510,elated
10,145,513,elated
10,163,513,elated
10,181,513,elated
10,190,513,elated
10,193,513,elated
10,196,513,elated
10,205,513,elated
10,222,513,elated
10,237,513,elated
10,247,513,elated
10,252,513,elated
10,249,513,elated
10,249,513,elated
10,260,514,elated
10,283,514,elated
10,294,514,elated
11,278,514,elated
11,237,514,elated
11,199,513,elated
11,181,516,elated
11,184,514,elated
11,202,514,elated
11,223,513,elated
11,240,512,elated
11,254,514,elated
11,259,514,elated
11,249,514,elated
11,228,514,elated
11,130,513,elated
11,11,514,elated
11,0,516,elated
11,0,516,elated
11,0,518,elated
11,0,518,elated
11,4,518,elated
11,58,515,elated
11,158,514,elated
11,228,514,elated
11,231,513,elated
11,195,513,elated
11,144,513,elated
11,92,512,elated
11,57,512,elated
11,58,512,elated
11,95,512,elated
11,133,512,elated
11,166,512,elated
11,187,512,elated
11,191,512,elated
11,180,511,elated
11,155,511,elated
11,130,511,elated
11,113,511,elated
11,108,511,elated
11,115,511,elated
11,141,511,elated
11,174,511,elated
11,210,511,elated
11,237,511,elated
11,245,511,elated
12,237,511,elated
12,222,513,elated
12,205,511,elated
12,186,511,elated
12,165,511,elated
12,148,511,elated
12,137,511,elated
12,142,509,elated
12,156,511,elated
12,172,511,elated
12,185,511,elated
12,199,511,elated
12,219,511,elated
12,240,511,elated
12,259,511,elated
12,262,511,elated
12,234,511,elated
12,182,511,elated
12,123,510,elated
12,71,510,elated
12,40,510,elated
12,27,510,elated
12,43,510,elated
12,67,510,elated
12,98,510,elated
12,128,513,elated
12,152,510,elated
12,172,510,elated
12,182,510,elated
12,188,510,elated
12,193,509,elated
12,198,509,elated
12,204,510,elated
12,208,510,elated
12,211,510,elated
12,212,510,elated
12,212,510,elated
12,212,510,elated
12,212,510,elated
12,211,510,elated
12,215,510,elated
12,216,510,elated
12,217,510,elated
12,220,509,elated
13,224,510,elated
13,227,510,elated
13,229,510,elated
13,228,510,elated
13,225,510,elated
13,222,510,elated
13,219,510,elated
13,217,510,elated
13,217,510,elated
13,216,510,elated
13,212,510,elated
13,209,510,elated
13,209,510,elated
13,209,510,elated
13,208,510,elated
13,209,510,elated
13,211,510,elated
13,211,510,elated
13,211,510,elated
13,211,510,elated
13,207,510,elated
13,203,510,elated
13,198,510,elated
13,198,510,elated
13,202,510,elated
13,208,510,elated
13,211,510,elated
13,214,510,elated
13,214,510,elated
13,213,510,elated
13,210,510,elated
13,208,510,elated
13,207,510,elated
13,206,510,elated
13,206,510,elated
13,206,510,elated
13,207,510,elated
13,208,510,elated
13,209,510,elated
13,209,510,elated
13,209,510,elated
13,205,510,elated
13,203,510,elated
13,201,510,elated
14,200,510,elated
14,200,510,elated
14,200,510,elated
14,199,510,elated
14,200,510,elated
14,200,510,elated
14,201,510,elated
14,201,510,elated
14,204,510,elated
14,206,510,elated
14,207,510,elated
14,206,510,elated
14,203,510,elated
14,204,510,elated
14,204,510,elated
14,205,510,elated
14,205,510,elated
14,205,510,elated
14,204,510,elated
14,203,510,elated
14,201,510,elated
14,200,510,elated
14,202,510,elated
14,203,510,elated
14,204,510,elated
14,203,510,elated
14,203,510,elated
14,199,510,elated
14,199,510,elated
14,201,510,elated
14,204,510,elated
14,205,510,elated
14,207,510,elated
14,206,510,elated
14,204,510,elated
14,203,510,elated
14,201,510,elated
14,201,510,elated
14,202,510,elated
14,204,510,elated
14,205,510,elated
14,207,510,elated
14,205,510,elated
15,203,510,elated
15,202,510,elated
15,204,510,elated
15,209,510,elated
15,216,510,elated
15,220,510,elated
15,222,510,elated
15,225,510,elated
15,225,510,elated
15,224,510,elated
15,221,510,elated
15,217,510,elated
15,215,510,elated
15,213,510,elated
15,212,510,elated
15,210,510,elated
15,209,510,elated
15,208,510,elated
15,207,510,elated
15,210,510,elated
15,213,510,elated
15,215,510,elated
15,214,510,elated
15,213,510,elated
15,214,510,elated
15,213,510,elated
15,208,510,elated
15,200,510,elated
15,193,510,elated
15,189,514,elated
15,190,510,elated
15,193,510,elated
15,200,510,elated
15,210,510,elated
15,221,510,elated
15,229,510,elated
15,234,510,elated
15,229,510,elated
15,220,510,elated
15,213,510,elated
15,209,510,elated
15,210,510,elated
15,212,510,elated
15,216,510,elated
16,225,510,elated
16,225,510,elated
16,229,510,elated
16,230,510,elated
16,232,510,elated
16,238,510,elated
16,248,510,elated
16,263,511,elated
16,279,511,elated
16,296,513,elated
16,307,511,elated
16,310,511,elated
16,305,511,elated
16,298,512,elated
16,291,512,elated
16,283,512,elated
16,276,512,elated
16,277,512,elated
16,284,512,elated
16,290,512,elated
16,288,512,elated
16,281,512,elated
16,270,512,elated
16,257,512,elated
16,244,512,elated
16,238,512,elated
16,238,512,elated
16,242,512,elated
16,244,512,elated
16,240,512,elated
16,229,512,elated
16,224,512,elated
16,220,512,elated
16,216,512,elated
16,210,512,elated
16,208,512,elated
16,208,512,elated
16,206,512,elated
16,200,512,elated
16,192,512,elated
16,183,512,elated
16,173,512,elated
16,165,512,elated
16,171,512,elated
17,190,512,elated
17,212,512,elated
17,228,512,elated
17,232,512,elated
17,221,511,elated
17,201,512,elated
17,178,512,elated
17,156,512,elated
17,141,512,elated
17,138,511,elated
17,146,511,elated
17,166,511,elated
17,192,512,elated
17,216,512,elated
17,230,512,elated
17,230,512,elated
17,223,512,elated
17,213,512,elated
17,203,511,elated
17,195,512,elated
17,195,512,elated
17,206,512,elated
17,217,512,elated
17,215,512,elated
17,199,511,elated
17,175,511,elated
17,156,511,elated
17,144,511,elated
17,152,511,elated
17,163,511,elated
17,172,511,elated
17,178,511,elated
17,181,511,elated
17,183,511,elated
17,184,511,elated
17,181,511,elated
17,176,511,elated
17,177,507,elated
17,191,511,elated
17,224,511,elated
17,259,511,elated
17,284,511,elated
17,291,512,elated
17,277,512,elated
18,248,511,elated
18,214,511,elated
18,204,511,elated
18,239,512,elated
18,345,513,elated
18,404,528,elated
18,410,536,elated
18,420,543,elated
18,432,549,elated
18,438,547,elated
18,438,542,elated
18,432,533,elated
18,425,526,elated
18,421,522,elated
18,431,530,elated
18,452,545,elated
18,455,546,elated
18,456,545,elated
18,456,543,elated
18,457,542,elated
18,457,541,elated
18,462,540,elated
18,458,539,elated
18,457,537,elated
18,457,535,elated
18,457,533,elated
18,453,528,elated
18,456,529,elated
18,455,528,elated
18,454,527,elated
18,455,527,elated
18,455,526,elated
18,453,525,elated
18,453,525,elated
18,454,526,elated
18,452,524,elated
18,446,519,elated
18,440,515,elated
18,430,509,elated
18,419,502,elated
18,411,500,elated
18,404,503,elated
18,403,510,elated
18,400,513,elated
19,0,514,elated
19,0,517,elated
19,0,520,elated
19,0,522,elated
19,0,524,elated
19,0,527,elated
19,0,526,elated
19,0,522,elated
19,0,523,elated
19,0,525,elated
19,0,525,elated
19,0,526,elated
19,0,526,elated
19,0,527,elated
19,0,527,elated
19,0,527,elated
19,0,528,elated
19,0,528,elated
19,0,528,elated
19,0,529,elated
19,0,529,elated
19,0,529,elated
19,0,540,elated
19,0,546,elated
19,414,540,elated
19,430,549,elated
19,443,554,elated
19,448,555,elated
19,452,555,elated
19,453,554,elated
19,452,551,elated
19,452,549,elated
19,452,547,elated
19,448,540,elated
19,440,530,elated
19,421,512,elated
19,432,522,elated
19,424,515,elated
19,420,513,elated
19,411,508,elated
19,402,506,elated
19,402,513,elated
19,0,510,elated
19,0,516,elated
20,0,518,elated
20,0,520,elated
20,0,522,elated
20,0,524,elated
20,0,525,elated
20,0,526,elated
20,1,526,elated
20,0,527,elated
20,0,527,elated
20,0,528,elated
20,0,529,elated
20,0,530,elated
20,0,532,elated
20,0,537,elated
20,0,539,elated
20,0,537,elated
20,415,547,elated
20,418,544,elated
20,423,544,elated
20,426,543,elated
20,428,539,elated
20,430,537,elated
20,434,537,elated
20,432,533,elated
20,431,530,elated
20,427,524,elated
20,432,528,elated
20,438,531,elated
20,443,533,elated
20,445,529,elated
20,449,534,elated
20,451,533,elated
20,452,532,elated
20,452,530,elated
20,452,529,elated
20,452,529,elated
20,452,530,elated
20,452,525,elated
20,452,524,elated
20,452,523,elated
20,452,522,elated
20,452,521,elated
20,452,521,elated
20,452,520,elated
21,452,520,elated
21,451,519,elated
21,451,519,elated
21,452,518,elated
21,452,518,elated
21,452,519,elated
21,454,520,elated
21,452,518,elated
21,448,515,elated
21,447,516,elated
21,446,517,elated
21,445,517,elated
21,446,518,elated
21,446,519,elated
21,446,519,elated
21,446,519,elated
21,446,519,elated
21,446,520,elated
21,447,520,elated
21,446,520,elated
21,446,520,elated
21,444,519,elated
21,442,518,elated
21,443,519,elated
21,448,523,elated
21,450,525,elated
21,453,527,elated
21,454,527,elated
21,452,525,elated
21,453,526,elated
21,454,526,elated
21,455,526,elated
21,455,526,elated
21,455,526,elated
21,454,525,elated
21,453,525,elated
21,447,520,elated
21,441,516,elated
21,432,511,elated
21,425,507,elated
21,420,506,elated
21,417,508,elated
21,415,510,elated
22,411,511,elated
22,0,514,elated
22,0,521,elated
22,0,525,elated
22,0,528,elated
22,409,524,elated
22,420,535,elated
22,416,530,elated
22,415,528,elated
22,411,526,elated
22,0,524,elated
22,0,531,elated
22,0,532,elated
22,0,528,elated
22,231,524,elated
22,420,545,elated
22,423,542,elated
22,429,543,elated
22,435,543,elated
22,438,541,elated
22,439,538,elated
22,439,534,elated
22,435,529,elated
22,431,524,elated
22,431,523,elated
22,432,524,elated
22,435,526,elated
22,434,524,elated
22,431,521,elated
22,428,518,elated
22,426,517,elated
22,424,517,elated
22,423,517,elated
22,421,517,elated
22,420,517,elated
22,420,517,elated
22,420,519,elated
22,421,520,elated
22,421,521,elated
22,424,523,elated
22,427,526,elated
22,432,528,elated
22,434,528,elated
22,435,527,elated
23,434,525,elated
23,433,524,elated
23,431,521,elated
23,431,521,elated
23,437,525,elated
23,448,533,elated
23,449,531,elated
23,449,529,elated
23,448,527,elated
23,447,526,elated
23,446,524,elated
23,445,523,elated
23,445,523,elated
23,446,523,elated
23,440,519,elated
23,442,521,elated
23,452,528,elated
23,455,529,elated
23,457,530,elated
23,458,529,elated
23,457,528,elated
23,457,526,elated
23,457,524,elated
23,457,522,elated
23,457,521,elated
23,456,519,elated
23,456,517,elated
23,455,515,elated
23,455,515,elated
23,455,514,elated
23,455,514,elated
23,455,514,elated
23,455,513,elated
23,455,513,elated
23,455,512,elated
23,455,512,elated
23,455,511,elated
23,455,511,elated
23,455,511,elated
23,454,511,elated
23,454,511,elated
23,453,511,elated
23,453,512,elated
23,453,512,elated
24,453,513,elated
24,454,515,elated
24,454,515,elated
24,454,514,elated
24,454,513,elated
24,454,512,elated
24,454,510,elated
24,453,508,elated
24,454,507,elated
24,454,506,elated
24,454,505,elated
24,454,504,elated
24,454,504,elated
24,454,503,elated
24,454,503,elated
24,454,503,elated
24,454,503,elated
24,454,503,elated
24,454,503,elated
24,454,503,elated
24,454,503,elated
24,454,503,elated
24,454,503,elated
24,454,503,elated
24,454,503,elated
24,454,503,elated
24,453,503,elated
24,453,502,elated
24,453,501,elated
24,453,500,elated
24,453,499,elated
24,452,498,elated
24,452,498,elated
24,452,497,elated
24,452,496,elated
24,452,496,elated
24,452,496,elated
24,452,496,elated
24,452,496,elated
24,452,496,elated
24,452,496,elated
24,451,496,elated
24,451,496,elated
24,451,496,elated
25,451,497,elated
25,451,497,elated
25,451,498,elated
25,451,499,elated
25,451,499,elated
25,451,499,elated
25,450,500,elated
25,450,500,elated
25,450,500,elated
25,450,499,elated
25,450,499,elated
25,449,499,elated
25,449,498,elated
25,449,498,elated
25,449,498,elated
25,448,497,elated
25,448,497,elated
25,448,496,elated
25,447,496,elated
25,447,496,elated
25,447,495,elated
25,446,495,elated
25,446,495,elated
25,446,494,elated
25,445,494,elated
25,445,494,elated
25,445,494,elated
25,445,494,elated
25,445,494,elated
25,445,494,elated
25,444,494,elated
25,444,495,elated
25,444,496,elated
25,444,497,elated
25,444,493,elated
25,443,498,elated
25,448,498,elated
25,443,498,elated
25,443,497,elated
25,443,497,elated
25,443,497,elated
25,442,497,elated
25,442,496,elated
25,441,496,elated
26,441,496,elated
26,440,495,elated
26,439,494,elated
26,374,484,elated
26,275,482,elated
26,434,492,elated
26,441,497,elated
26,440,496,elated
26,253,483,elated
26,110,483,elated
26,248,485,elated
26,401,486,elated
26,440,497,elated
26,437,495,elated
26,42,484,elated
26,58,485,elated
26,187,485,elated
26,303,486,elated
26,357,486,elated
26,329,487,elated
26,286,486,elated
26,251,486,elated
26,221,486,elated
26,214,486,elated
26,222,486,elated
26,238,486,elated
26,253,485,elated
26,261,485,elated
26,263,485,elated
26,260,485,elated
26,252,485,elated
26,237,485,elated
26,212,485,elated
26,172,485,elated
26,124,484,elated
26,104,484,elated
26,121,484,elated
26,148,484,elated
26,160,484,elated
26,148,483,elated
26,128,483,elated
26,114,483,elated
26,119,483,elated
27,128,483,elated
27,134,483,elated
27,137,483,elated
27,133,483,elated
27,125,483,elated
27,118,483,elated
27,112,483,elated
27,127,483,elated
27,162,484,elated
27,213,485,elated
27,231,486,elated
27,220,487,elated
27,184,487,elated
27,160,488,elated
27,151,489,elated
27,166,489,elated
27,169,490,elated
27,159,490,elated
27,146,490,elated
27,134,490,elated
27,132,490,elated
27,144,490,elated
27,164,490,elated
27,181,490,elated
27,188,490,elated
27,189,489,elated
27,186,490,elated
27,159,490,elated
27,130,490,elated
27,119,491,elated
27,133,491,elated
27,192,491,elated
27,251,491,elated
27,262,491,elated
27,214,491,elated
27,150,490,elated
27,112,491,elated
27,110,491,elated
27,128,492,elated
27,151,492,elated
27,177,492,elated
27,196,493,elated
27,208,493,elated
27,208,493,elated
28,201,493,elated
28,191,494,elated
28,177,494,elated
28,162,493,elated
28,137,493,elated
28,66,492,elated
28,5,494,elated
28,0,495,elated
28,0,496,elated
28,0,497,elated
28,0,497,elated
28,23,492,elated
28,166,492,elated
28,379,493,elated
28,446,505,elated
28,441,503,elated
28,197,489,elated
28,50,489,elated
28,150,489,elated
28,265,490,elated
28,328,491,elated
28,336,491,elated
28,308,492,elated
28,276,493,elated
28,252,494,elated
28,256,494,elated
28,288,495,elated
28,323,495,elated
28,358,496,elated
28,369,497,elated
28,374,497,elated
28,366,498,elated
28,340,497,elated
28,290,497,elated
28,230,496,elated
28,185,496,elated
28,155,495,elated
28,151,494,elated
28,160,494,elated
28,175,493,elated
28,189,492,elated
28,198,491,elated
28,204,490,elated
28,205,490,elated
29,202,489,elated
29,196,489,elated
29,189,488,elated
29,187,488,elated
29,185,491,elated
29,183,490,elated
29,183,490,elated
29,192,490,elated
29,203,490,elated
29,212,490,elated
29,232,490,elated
29,243,490,elated
29,227,490,elated
29,205,490,elated
29,178,490,elated
29,147,490,elated
29,88,491,elated
29,65,492,elated
29,69,493,elated
29,77,493,elated
29,102,494,elated
29,132,495,elated
29,120,500,elated
29,82,497,elated
29,53,497,elated
29,35,498,elated
29,47,499,elated
29,64,499,elated
29,71,500,elated
29,58,500,elated
29,76,501,elated
29,147,501,elated
29,227,501,elated
29,294,502,elated
29,346,502,elated
29,376,502,elated
29,346,502,elated
29,300,501,elated
29,266,501,elated
29,238,501,elated
29,219,501,elated
29,217,501,elated
29,219,501,elated
29,207,500,elated
30,155,500,elated
30,54,500,elated
30,1,503,elated
30,0,504,elated
30,0,504,elated
30,0,504,elated
30,0,503,elated
30,0,503,elated
30,0,501,elated
30,0,500,elated
30,40,496,elated
30,181,497,elated
30,327,496,elated
30,411,501,elated
30,438,511,elated
30,17,502,elated
30,0,506,elated
30,0,510,elated
30,0,512,elated
30,0,512,elated
30,3,508,elated
30,0,504,elated
30,314,499,elated
30,442,512,elated
30,441,509,elated
30,439,507,elated
30,112,494,elated
30,84,495,elated
30,228,496,elated
30,359,497,elated
30,437,509,elated
30,437,507,elated
30,55,496,elated
30,104,497,elated
30,310,497,elated
30,439,510,elated
30,440,509,elated
30,243,495,elated
30,91,497,elated
30,224,500,elated
30,372,502,elated
30,439,511,elated
30,411,503,elated
30,0,498,elated
31,0,499,elated
31,5,498,elated
31,30,495,elated
31,145,495,elated
31,290,497,elated
31,381,498,elated
31,401,499,elated
31,358,499,elated
31,317,499,elated
31,302,499,elated
31,295,500,elated
31,280,500,elated
31,248,501,elated
31,217,501,elated
31,197,500,elated
31,194,502,elated
31,192,498,elated
31,199,497,elated
31,221,497,elated
31,247,496,elated
31,265,496,elated
31,276,496,elated
31,297,496,elated
31,327,496,elated
31,338,496,elated
31,317,496,elated
31,274,495,elated
31,229,495,elated
31,195,495,elated
31,180,495,elated
31,189,495,elated
31,221,495,elated
31,250,495,elated
31,253,495,elated
31,262,495,elated
31,288,495,elated
31,320,496,elated
31,329,496,elated
31,296,496,elated
31,229,496,elated
31,170,496,elated
31,149,496,elated
31,178,495,elated
31,273,496,elated
32,394,503,elated
32,441,515,elated
32,439,506,elated
32,49,494,elated
32,37,495,elated
32,104,495,elated
32,158,495,elated
32,194,496,elated
32,213,497,elated
32,229,497,elated
32,255,498,elated
32,311,499,elated
32,410,500,elated
32,441,512,elated
32,434,506,elated
32,53,496,elated
32,109,497,elated
32,269,498,elated
32,413,500,elated
32,441,511,elated
32,357,499,elated
32,122,497,elated
32,268,497,elated
32,436,506,elated
32,441,510,elated
32,198,496,elated
32,47,497,elated
32,173,497,elated
32,316,498,elated
32,369,498,elated
32,291,498,elated
32,187,498,elated
32,109,498,elated
32,86,499,elated
32,111,499,elated
32,157,499,elated
32,171,499,elated
32,145,498,elated
32,105,504,elated
32,78,499,elated
32,78,499,elated
32,98,499,elated
32,124,499,elated
32,167,499,elated
33,197,499,elated
33,206,499,elated
33,204,499,elated
33,203,499,elated
33,201,500,elated
33,201,500,elated
33,203,500,elated
33,208,500,elated
33,214,500,elated
33,248,501,elated
33,340,501,elated
33,433,507,elated
33,440,512,elated
33,177,497,elated
33,145,499,elated
33,343,499,elated
33,441,512,elated
33,441,510,elated
33,230,496,elated
33,154,496,elated
33,356,496,elated
33,442,509,elated
33,441,507,elated
33,145,493,elated
33,67,493,elated
33,165,494,elated
33,212,494,elated
33,189,495,elated
33,154,495,elated
33,144,496,elated
33,173,496,elated
33,195,497,elated
33,188,497,elated
33,170,501,elated
33,179,498,elated
33,190,498,elated
33,190,499,elated
33,186,499,elated
33,195,499,elated
33,234,500,elated
33,307,500,elated
33,311,500,elated
33,218,500,elated
33,81,499,elated
34,0,503,elated
34,0,504,elated
34,0,505,elated
34,0,504,elated
34,0,507,elated
34,0,506,elated
34,0,505,elated
34,0,505,elated
34,0,503,elated
34,0,504,elated
34,0,504,elated
34,0,504,elated
34,0,504,elated
34,0,503,elated
34,0,501,elated
34,0,499,elated
34,0,497,elated
34,188,494,elated
34,201,495,elated
34,157,496,elated
34,371,498,elated
34,439,511,elated
34,438,509,elated
34,72,496,elated
34,58,497,elated
34,230,498,elated
34,416,501,elated
34,439,512,elated
34,420,506,elated
34,34,497,elated
34,92,498,elated
34,251,499,elated
34,376,500,elated
34,437,512,elated
34,431,508,elated
34,41,499,elated
34,88,499,elated
34,246,500,elated
34,383,501,elated
34,438,513,elated
34,387,504,elated
35,23,499,elated
35,68,500,elated
35,210,500,elated
35,334,501,elated
35,395,502,elated
35,394,502,elated
35,329,502,elated
35,281,502,elated
35,253,502,elated
35,242,502,elated
35,237,502,elated
35,235,502,elated
35,234,502,elated
35,232,502,elated
35,231,502,elated
35,229,502,elated
35,227,502,elated
35,224,502,elated
35,221,502,elated
35,219,502,elated
35,217,502,elated
35,216,502,elated
35,217,502,elated
35,220,502,elated
35,223,503,elated
35,226,503,elated
35,229,503,elated
35,227,503,elated
35,226,503,elated
35,224,503,elated
35,222,503,elated
35,221,503,elated
35,219,503,elated
35,215,503,elated
35,211,503,elated
35,206,503,elated
35,204,503,elated
35,204,500,elated
35,200,503,elated
35,203,508,elated
35,205,503,elated
35,212,503,elated
35,225,503,elated
36,241,503,elated
36,255,503,elated
36,267,507,elated
36,267,503,elated
36,270,503,elated
36,264,503,elated
36,253,503,elated
36,246,503,elated
36,247,503,elated
36,260,504,elated
36,278,504,elated
36,282,504,elated
36,267,504,elated
36,246,503,elated
36,221,503,elated
36,193,503,elated
36,168,502,elated
36,154,503,elated
36,155,503,elated
36,166,503,elated
36,185,503,elated
36,201,503,elated
36,221,503,elated
36,241,504,elated
36,259,504,elated
36,274,504,elated
36,283,504,elated
36,284,504,elated
36,280,504,elated
36,273,504,elated
36,263,504,elated
36,252,504,elated
36,245,504,elated
36,241,504,elated
36,241,504,elated
36,249,504,elated
36,250,504,elated
36,256,504,elated
36,263,504,elated
36,269,504,elated
36,265,504,elated
36,254,504,elated
36,252,504,elated
36,260,504,elated
37,281,504,elated
37,303,504,elated
37,319,504,elated
37,337,504,elated
37,351,504,elated
37,344,504,elated
37,314,504,elated
37,283,504,elated
37,256,504,elated
37,252,504,elated
37,289,504,elated
37,345,504,elated
37,396,505,elated
37,439,515,elated
37,336,504,elated
37,11,502,elated
37,39,502,elated
37,135,502,elated
37,218,502,elated
37,253,502,elated
37,255,503,elated
37,245,503,elated
37,235,503,elated
37,232,503,elated
37,235,503,elated
37,241,503,elated
37,244,503,elated
37,248,503,elated
37,246,503,elated
37,242,503,elated
37,236,503,elated
37,230,503,elated
37,227,503,elated
37,227,503,elated
37,229,504,elated
37,233,504,elated
37,236,504,elated
37,239,504,elated
37,239,504,elated
37,237,504,elated
37,236,500,elated
37,233,504,elated
37,230,504,elated
37,226,503,elated
38,224,504,elated
38,224,504,elated
38,226,503,elated
38,228,503,elated
38,231,503,elated
38,233,503,elated
38,235,503,elated
38,236,503,elated
38,238,503,elated
38,241,503,elated
38,244,503,elated
38,247,503,elated
38,250,503,elated
38,252,503,elated
38,251,503,elated
38,250,503,elated
38,246,503,elated
38,242,503,elated
38,240,503,elated
38,244,503,elated
38,237,503,elated
38,242,503,elated
38,248,503,elated
38,255,503,elated
38,259,503,elated
38,260,503,elated
38,254,503,elated
38,243,503,elated
38,228,503,elated
38,219,503,elated
38,211,503,elated
38,207,503,elated
38,205,503,elated
38,207,503,elated
38,214,503,elated
38,226,503,elated
38,239,503,elated
38,245,503,elated
38,246,503,elated
38,245,503,elated
38,245,503,elated
38,248,503,elated
38,252,503,elated
38,255,503,elated
39,259,503,elated
39,264,503,elated
39,268,503,elated
39,268,503,elated
39,261,503,elated
39,254,505,elated
39,254,503,elated
39,260,503,elated
39,273,503,elated
39,288,504,elated
39,292,504,elated
39,281,503,elated
39,261,503,elated
39,239,503,elated
39,224,503,elated
39,218,503,elated
39,221,503,elated
39,220,503,elated
39,221,503,elated
39,223,503,elated
39,227,503,elated
39,232,503,elated
39,237,503,elated
39,243,503,elated
39,247,506,elated
39,248,506,elated
39,246,503,elated
39,242,503,elated
39,236,503,elated
39,236,503,elated
39,225,503,elated
39,221,503,elated
39,222,503,elated
39,227,503,elated
39,233,503,elated
39,237,503,elated
39,238,503,elated
39,235,503,elated
39,232,503,elated
39,228,503,elated
39,225,503,elated
39,223,501,elated
39,224,503,elated
39,226,501,elated
40,227,501,elated
40,227,503,elated
40,227,503,elated
40,228,503,elated
40,232,503,elated
40,237,503,elated
40,240,503,elated
40,241,503,elated
40,241,503,elated
40,240,503,elated
40,239,503,elated
40,239,503,elated
40,238,503,elated
40,236,503,elated
40,235,503,elated
40,235,507,elated
40,235,503,elated
40,234,503,elated
40,231,503,elated
40,228,503,elated
40,227,503,elated
40,227,503,elated
40,228,503,elated
40,233,503,elated
40,229,503,elated
40,233,503,elated
40,234,503,elated
40,234,503,elated
40,232,503,elated
40,232,503,elated
40,234,503,elated
40,241,503,elated
40,245,503,elated
40,243,503,elated
40,246,504,elated
40,247,504,elated
40,247,503,elated
40,245,503,elated
40,242,502,elated
40,241,503,elated
40,239,509,elated
40,236,503,elated
40,236,503,elated
40,237,503,elated
41,235,503,elated
41,236,503,elated
41,238,503,elated
41,238,503,elated
41,238,503,elated
41,236,503,elated
41,234,503,elated
41,233,503,elated
41,233,503,elated
41,232,503,elated
41,232,500,elated
41,230,503,elated
41,228,503,elated
41,228,503,elated
41,228,503,elated
41,231,503,elated
41,235,509,elated
41,237,503,elated
41,243,504,elated
41,247,504,elated
41,246,504,elated
41,245,503,elated
41,243,504,elated
41,241,504,elated
41,238,504,elated
41,236,504,elated
41,234,504,elated
41,233,503,elated
41,233,504,elated
41,234,503,elated
41,235,504,elated
41,239,503,elated
41,233,504,elated
41,231,505,elated
41,231,504,elated
41,231,504,elated
41,230,503,elated
41,230,504,elated
41,229,503,elated
41,228,504,elated
41,228,504,elated
41,228,504,elated
41,227,504,elated
41,225,504,elated
42,228,504,elated
42,228,503,elated
42,233,504,elated
42,239,504,elated
42,242,504,elated
42,243,504,elated
42,243,507,elated
42,242,504,elated
42,241,504,elated
42,240,504,elated
42,238,504,elated
42,237,504,elated
42,236,504,elated
42,234,504,elated
42,232,504,elated
42,230,504,elated
42,230,504,elated
42,228,504,elated
42,225,504,elated
42,224,504,elated
42,225,504,elated
42,226,504,elated
42,229,504,elated
42,230,504,elated
42,230,504,elated
42,228,504,elated
42,225,504,elated
42,224,503,elated
42,225,504,elated
42,227,504,elated
42,228,504,elated
42,231,504,elated
42,236,504,elated
42,239,504,elated
42,242,504,elated
42,243,504,elated
42,243,504,elated
42,242,504,elated
42,240,503,elated
42,239,504,elated
42,237,504,elated
42,237,504,elated
42,234,504,elated
42,232,504,elated
43,229,504,elated
43,230,504,elated
43,229,504,elated
43,230,504,elated
43,230,504,elated
43,230,504,elated
43,227,504,elated
43,228,504,elated
43,227,504,elated
43,224,504,elated
43,222,504,elated
43,222,504,elated
43,222,504,elated
43,223,504,elated
43,224,504,elated
43,224,504,elated
43,223,504,elated
43,223,504,elated
43,225,504,elated
43,228,504,elated
43,233,504,elated
43,240,504,elated
43,245,504,elated
43,248,504,elated
43,248,504,elated
43,247,504,elated
43,246,504,elated
43,243,504,elated
43,241,504,elated
43,242,504,elated
43,234,504,elated
43,232,504,elated
43,231,504,elated
43,231,504,elated
43,231,504,elated
43,231,504,elated
43,230,504,elated
43,233,504,elated
43,232,504,elated
43,227,504,elated
43,225,504,elated
43,224,504,elated
43,224,504,elated
43,224,507,elated
44,224,504,elated
44,223,504,elated
44,222,504,elated
44,222,504,elated
44,219,504,elated
44,226,504,elated
44,222,504,elated
44,222,504,elated
44,224,504,elated
44,227,504,elated
44,239,504,elated
44,239,504,elated
44,242,504,elated
44,243,504,elated
44,242,504,elated
44,240,502,elated
44,239,504,elated
44,238,504,elated
44,236,504,elated
44,234,504,elated
44,232,504,elated
44,230,504,elated
44,230,504,elated
44,229,504,elated
44,228,504,elated
44,227,504,elated
44,230,504,elated
44,224,504,elated
44,226,504,elated
44,226,504,elated
44,225,504,elated
44,224,504,elated
44,222,504,elated
44,221,504,elated
44,221,504,elated
44,222,504,elated
44,223,504,elated
44,223,504,elated
44,222,504,elated
44,224,504,elated
44,218,504,elated
44,218,504,elated
44,220,504,elated
45,219,504,elated
45,233,504,elated
45,236,504,elated
45,242,504,elated
45,246,504,elated
45,247,504,elated
45,246,504,elated
45,245,504,elated
45,244,504,elated
45,241,504,elated
45,236,504,elated
45,235,504,elated
45,231,504,elated
45,227,504,elated
45,226,504,elated
45,226,504,elated
45,227,504,elated
45,227,504,elated
45,226,504,elated
45,225,504,elated
45,224,504,elated
45,224,504,elated
45,223,504,elated
45,224,506,elated
45,225,504,elated
45,225,504,elated
45,223,504,elated
45,222,504,elated
45,221,504,elated
45,220,504,elated
45,219,504,elated
45,220,504,elated
45,221,504,elated
45,221,504,elated
45,223,504,elated
45,226,504,elated
45,233,504,elated
45,238,504,elated
45,241,504,elated
45,244,504,elated
45,248,504,elated
45,242,504,elated
45,237,504,elated
45,236,504,elated
46,238,504,elated
46,232,504,elated
46,229,504,elated
46,227,504,elated
46,226,504,elated
46,227,504,elated
46,228,504,elated
46,228,504,elated
46,227,504,elated
46,226,504,elated
46,225,504,elated
46,224,504,elated
46,223,504,elated
46,221,504,elated
46,223,504,elated
46,223,504,elated
46,219,504,elated
46,216,504,elated
46,215,504,elated
46,214,504,elated
46,214,504,elated
46,214,504,elated
46,215,504,elated
46,215,504,elated
46,217,504,elated
46,220,504,elated
46,227,504,elated
46,233,504,elated
46,239,504,elated
46,242,504,elated
46,243,504,elated
46,243,504,elated
46,243,504,elated
46,243,504,elated
46,243,504,elated
46,241,504,elated
46,241,504,elated
46,238,504,elated
46,242,504,elated
46,247,504,elated
46,249,504,elated
46,252,504,elated
46,261,504,elated
46,267,504,elated
47,263,504,elated
47,225,504,elated
47,177,504,elated
47,167,504,elated
47,189,504,elated
47,232,504,elated
47,274,504,elated
47,307,504,elated
47,326,504,elated
47,331,505,elated
47,323,504,elated
47,305,504,elated
47,289,504,elated
47,277,504,elated
47,266,507,elated
47,263,504,elated
47,270,503,elated
47,300,504,elated
47,332,504,elated
47,335,504,elated
47,311,504,elated
47,279,504,elated
47,255,504,elated
47,243,504,elated
47,237,504,elated
47,233,504,elated
47,223,504,elated
47,211,503,elated
47,191,503,elated
47,172,503,elated
47,159,502,elated
47,182,503,elated
47,209,503,elated
47,182,503,elated
47,127,503,elated
47,93,503,elated
47,96,503,elated
47,140,504,elated
47,209,504,elated
47,274,504,elated
47,314,504,elated
47,323,504,elated
47,308,504,elated
47,284,504,elated
48,259,504,elated
48,241,504,elated
48,229,504,elated
48,223,504,elated
48,224,504,elated
48,226,504,elated
48,226,504,elated
48,222,504,elated
48,221,504,elated
48,228,504,elated
48,242,504,elated
48,260,504,elated
48,273,504,elated
48,277,504,elated
48,277,504,elated
48,272,504,elated
48,266,504,elated
48,260,504,elated
48,251,504,elated
48,247,504,elated
48,245,504,elated
48,251,504,elated
48,268,504,elated
48,281,505,elated
48,293,505,elated
48,293,505,elated
48,284,504,elated
48,259,507,elated
48,238,503,elated
48,225,507,elated
48,220,504,elated
48,224,504,elated
48,234,504,elated
48,239,504,elated
48,242,504,elated
48,242,504,elated
48,240,504,elated
48,240,504,elated
48,247,504,elated
48,247,504,elated
48,248,504,elated
48,248,504,elated
48,250,504,elated
48,253,504,elated
49,253,504,elated
49,248,503,elated
49,242,504,elated
49,238,504,elated
49,237,504,elated
49,238,504,elated
49,239,504,elated
49,243,504,elated
49,245,504,elated
49,243,504,elated
49,239,504,elated
49,233,504,elated
49,227,504,elated
49,229,504,elated
49,219,504,elated
49,222,504,elated
49,219,504,elated
49,223,504,elated
49,223,504,elated
49,223,504,elated
49,225,504,elated
49,229,504,elated
49,234,504,elated
49,239,503,elated
49,241,504,elated
49,242,504,elated
49,238,504,elated
49,236,504,elated
49,233,504,elated
49,229,504,elated
49,224,504,elated
49,219,504,elated
49,215,504,elated
49,210,504,elated
49,206,504,elated
49,203,504,elated
49,201,504,elated
49,207,504,elated
49,202,504,elated
49,203,504,elated
49,204,503,elated
49,204,504,elated
49,206,504,elated
49,204,504,elated
50,202,504,elated
50,199,504,elated
50,197,504,elated
50,192,504,elated
50,191,504,elated
50,192,504,elated
50,195,504,elated
50,199,504,elated
50,203,503,elated
50,205,503,elated
50,207,504,elated
50,208,504,elated
50,210,503,elated
50,210,504,elated
50,207,503,elated
50,201,503,elated
50,195,503,elated
50,193,503,elated
50,192,503,elated
50,192,503,elated
50,194,503,elated
50,195,503,elated
50,197,503,elated
50,195,503,elated
50,193,503,elated
50,190,503,elated
50,189,503,elated
50,187,503,elated
50,186,503,elated
50,186,503,elated
50,190,503,elated
50,195,503,elated
50,204,503,elated
50,214,503,elated
50,222,503,elated
50,226,503,elated
50,225,503,elated
50,223,503,elated
50,220,503,elated
50,218,503,elated
50,215,503,elated
50,213,503,elated
50,211,503,elated
50,210,503,elated
51,210,503,elated
51,211,503,elated
51,213,503,elated
51,215,503,elated
51,218,503,elated
51,221,503,elated
51,223,503,elated
51,223,503,elated
51,226,503,elated
51,221,503,elated
51,219,507,elated
51,218,503,elated
51,217,503,elated
51,221,501,elated
51,227,503,elated
51,234,503,elated
51,239,503,elated
51,241,503,elated
51,239,503,elated
51,235,503,elated
51,228,503,elated
51,224,503,elated
51,222,503,elated
51,218,503,elated
51,216,503,elated
51,214,503,elated
51,213,503,elated
51,213,503,elated
51,215,503,elated
51,216,503,elated
51,217,503,elated
51,217,503,elated
51,218,503,elated
51,218,508,elated
51,217,502,elated
51,216,503,elated
51,213,502,elated
51,214,502,elated
51,214,502,elated
51,215,502,elated
51,219,502,elated
51,224,502,elated
51,231,502,elated
51,237,502,elated
52,241,503,elated
52,242,502,elated
52,240,503,elated
52,236,502,elated
52,235,502,elated
52,231,502,elated
52,230,502,elated
52,228,502,elated
52,226,502,elated
52,225,502,elated
52,224,502,elated
52,224,500,elated
52,225,502,elated
52,224,502,elated
52,222,502,elated
52,220,502,elated
52,218,502,elated
52,218,502,elated
52,217,502,elated
52,217,502,elated
52,217,502,elated
52,215,502,elated
52,216,502,elated
52,225,502,elated
52,228,502,elated
52,238,502,elated
52,247,502,elated
52,254,502,elated
52,256,502,elated
52,254,502,elated
52,250,502,elated
52,246,502,elated
52,242,502,elated
52,240,502,elated
52,234,502,elated
52,234,502,elated
52,227,502,elated
52,224,502,elated
52,222,502,elated
52,221,502,elated
52,219,502,elated
52,218,502,elated
52,217,502,elated
53,218,502,elated
53,218,502,elated
53,219,502,elated
53,219,502,elated
53,220,502,elated
53,220,502,elated
53,228,502,elated
53,226,502,elated
53,234,502,elated
53,236,502,elated
53,238,502,elated
53,236,502,elated
53,233,502,elated
53,228,502,elated
53,226,502,elated
53,223,502,elated
53,221,502,elated
53,219,502,elated
53,218,502,elated
53,218,502,elated
53,219,502,elated
53,219,502,elated
53,220,508,elated
53,219,498,elated
53,218,502,elated
53,216,502,elated
53,223,502,elated
53,217,502,elated
53,217,502,elated
53,217,502,elated
53,216,502,elated
53,217,502,elated
53,218,502,elated
53,224,502,elated
53,231,502,elated
53,236,502,elated
53,239,502,elated
53,239,502,elated
53,237,502,elated
53,234,502,elated
53,231,502,elated
53,228,502,elated
53,226,502,elated
53,224,502,elated
54,224,502,elated
54,225,502,elated
54,226,502,elated
54,227,502,elated
54,228,502,elated
54,229,502,elated
54,228,502,elated
54,227,502,elated
54,225,502,elated
54,222,502,elated
54,220,502,elated
54,217,502,elated
54,216,502,elated
54,218,502,elated
54,221,502,elated
54,225,502,elated
54,228,502,elated
54,228,502,elated
54,230,502,elated
54,223,502,elated
54,219,502,elated
54,215,502,elated
54,212,502,elated
54,209,502,elated
54,205,502,elated
54,203,502,elated
54,202,502,elated
54,201,502,elated
54,201,502,elated
54,203,502,elated
54,206,506,elated
54,208,502,elated
54,213,502,elated
54,210,502,elated
54,210,502,elated
54,210,502,elated
54,215,502,elated
54,210,500,elated
54,211,502,elated
54,217,502,elated
54,217,502,elated
54,222,502,elated
54,227,502,elated
54,228,502,elated
55,228,502,elated
55,225,502,elated
55,222,502,elated
55,219,502,elated
55,219,502,elated
55,216,502,elated
55,218,502,elated
55,219,502,elated
55,221,502,elated
55,223,502,elated
55,223,502,elated
55,227,502,elated
55,227,508,elated
55,225,502,elated
55,224,502,elated
55,224,502,elated
55,223,502,elated
55,222,502,elated
55,221,502,elated
55,222,502,elated
55,225,502,elated
55,230,502,elated
55,236,502,elated
55,239,502,elated
55,239,502,elated
55,239,502,elated
55,235,502,elated
55,230,502,elated
55,228,502,elated
55,226,506,elated
55,224,502,elated
55,223,501,elated
55,223,502,elated
55,223,502,elated
55,224,502,elated
55,225,502,elated
55,229,502,elated
55,225,502,elated
55,224,502,elated
55,224,502,elated
55,223,502,elated
55,222,502,elated
55,222,502,elated
55,223,502,elated
56,226,502,elated
56,230,502,elated
56,237,502,elated
56,243,502,elated
56,247,502,elated
56,250,502,elated
56,250,502,elated
56,251,502,elated
56,250,502,elated
56,251,502,elated
56,250,502,elated
56,251,502,elated
56,252,502,elated
56,253,502,elated
56,254,502,elated
56,254,502,elated
56,251,502,elated
56,251,502,elated
56,245,502,elated
56,243,502,elated
56,241,502,elated
56,240,502,elated
56,239,500,elated
56,239,502,elated
56,239,502,elated
56,242,502,elated
56,249,502,elated
56,253,502,elated
56,260,502,elated
56,266,503,elated
56,270,503,elated
56,272,503,elated
56,273,503,elated
56,272,503,elated
56,271,503,elated
56,269,503,elated
56,265,502,elated
56,260,502,elated
56,255,502,elated
56,250,502,elated
56,244,502,elated
56,238,502,elated
56,233,500,elated
56,230,502,elated
57,225,502,elated
57,224,502,elated
57,222,502,elated
57,220,502,elated
57,217,502,elated
57,216,502,elated
57,215,502,elated
57,216,502,elated
57,218,502,elated
57,222,502,elated
57,225,502,elated
57,226,502,elated
57,225,502,elated
57,221,502,elated
57,216,502,elated
57,209,502,elated
57,202,502,elated
57,196,502,elated
57,190,502,elated
57,186,502,elated
57,182,500,elated
57,181,501,elated
57,180,502,elated
57,176,502,elated
57,169,502,elated
57,160,502,elated
57,152,502,elated
57,146,502,elated
57,147,502,elated
57,152,502,elated
57,160,502,elated
57,169,502,elated
57,180,502,elated
57,189,502,elated
57,195,502,elated
57,198,502,elated
57,199,502,elated
57,196,502,elated
57,193,502,elated
57,192,503,elated
57,192,502,elated
57,192,503,elated
57,194,503,elated
58,196,503,elated
58,199,503,elated
58,203,503,elated
58,206,503,elated
58,207,503,elated
58,207,503,elated
58,207,503,elated
58,206,503,elated
58,208,503,elated
58,214,503,elated
58,222,503,elated
58,231,503,elated
58,241,503,elated
58,251,503,elated
58,261,503,elated
58,273,503,elated
58,285,503,elated
58,296,503,elated
58,299,503,elated
58,298,503,elated
58,291,503,elated
58,281,503,elated
58,270,503,elated
58,263,503,elated
58,264,503,elated
58,278,503,elated
58,295,503,elated
58,309,503,elated
58,315,503,elated
58,313,503,elated
58,303,503,elated
58,287,503,elated
58,280,503,elated
58,268,503,elated
58,265,503,elated
58,265,503,elated
58,267,503,elated
58,271,503,elated
58,272,503,elated
58,276,503,elated
58,280,503,elated
58,284,503,elated
58,288,503,elated
58,292,503,elated
59,294,503,elated
59,293,503,elated
59,292,503,elated
59,295,503,elated
59,288,503,elated
59,284,503,elated
59,277,503,elated
59,265,502,elated
59,250,503,elated
59,234,503,elated
59,218,503,elated
59,203,502,elated
59,191,502,elated
59,180,502,elated
59,172,502,elated
59,170,502,elated
59,172,502,elated
59,175,502,elated
59,180,502,elated
59,187,502,elated
59,196,502,elated
59,208,502,elated
59,222,502,elated
59,245,503,elated
59,253,503,elated
59,260,503,elated
59,259,506,elated
59,253,503,elated
59,246,503,elated
59,241,503,elated
59,233,502,elated
59,217,502,elated
59,192,502,elated
59,170,502,elated
59,163,502,elated
59,172,502,elated
59,193,502,elated
59,219,502,elated
59,238,503,elated
59,248,503,elated
59,247,503,elated
59,233,503,elated
59,218,502,elated
59,201,502,elated
60,190,502,elated
60,186,502,elated
60,188,502,elated
60,192,502,elated
60,202,502,elated
60,217,502,elated
60,237,503,elated
60,258,503,elated
60,219,503,elated
60,218,503,elated
60,220,502,elated
60,226,503,elated
60,225,502,elated
60,228,502,elated
60,227,503,elated
60,225,502,elated
60,222,502,elated
60,219,502,elated
60,219,502,elated
60,220,502,elated
60,224,502,elated
60,231,502,elated
60,239,502,elated
60,248,502,elated
60,257,498,elated
60,262,502,elated
60,265,502,elated
60,265,502,elated
60,264,503,elated
60,265,503,elated
60,265,503,elated
60,264,503,elated
60,262,502,elated
60,260,502,elated
60,260,502,elated
60,262,502,elated
60,267,502,elated
61,268,503,elated
61,266,503,elated
61,259,503,elated
61,249,503,elated
61,235,503,elated
61,229,502,elated
61,228,502,elated
61,233,502,elated
61,240,502,elated
61,246,503,elated
61,248,503,elated
61,241,503,elated
61,234,503,elated
61,227,503,elated
61,214,503,elated
61,209,503,elated
61,208,503,elated
61,211,503,elated
61,217,503,elated
61,225,503,elated
61,227,503,elated
61,224,503,elated
61,222,503,elated
61,221,503,elated
61,216,502,elated
61,211,502,elated
61,205,502,elated
61,205,502,elated
61,195,502,elated
61,193,501,elated
61,194,502,elated
61,203,502,elated
61,222,502,elated
61,246,502,elated
61,262,502,elated
61,259,502,elated
61,244,502,elated
61,220,502,elated
61,201,503,elated
61,193,503,elated
61,202,503,elated
61,209,503,elated
61,192,502,elated
61,165,502,elated
62,147,502,elated
62,138,502,elated
62,131,502,elated
62,127,502,elated
62,124,503,elated
62,120,503,elated
62,123,502,elated
62,131,502,elated
62,152,502,elated
62,168,502,elated
62,179,502,elated
62,190,503,elated
62,197,503,elated
62,202,503,elated
62,204,504,elated
62,206,504,elated
62,211,504,elated
62,223,503,elated
62,235,503,elated
62,235,503,elated
62,226,503,elated
62,214,503,elated
62,201,503,elated
62,193,502,elated
62,189,502,elated
62,191,502,elated
62,198,502,elated
62,208,502,elated
62,210,502,elated
62,213,502,elated
62,214,502,elated
62,205,503,elated
62,187,503,elated
62,168,503,elated
62,157,502,elated
62,155,502,elated
62,159,503,elated
62,173,502,elated
62,194,503,elated
62,235,503,elated
62,285,503,elated
62,345,504,elated
62,399,504,elated
62,440,515,elated
63,438,511,elated
63,50,501,elated
63,41,501,elated
63,141,501,elated
63,245,501,elated
63,315,502,elated
63,344,502,elated
63,336,503,elated
63,306,503,elated
63,273,503,elated
63,243,502,elated
63,227,502,elated
63,219,502,elated
63,216,502,elated
63,209,503,elated
63,200,502,elated
63,191,502,elated
63,189,502,elated
63,191,503,elated
63,192,503,elated
63,187,502,elated
63,176,502,elated
63,166,502,elated
63,161,502,elated
63,164,502,elated
63,172,502,elated
63,180,502,elated
63,191,503,elated
63,199,503,elated
63,203,503,elated
63,203,503,elated
63,203,503,elated
63,204,503,elated
63,208,503,elated
63,216,503,elated
63,223,503,elated
63,225,503,elated
63,219,503,elated
63,212,503,elated
63,208,503,elated
63,208,503,elated
63,206,503,elated
63,210,503,elated
63,210,503,elated
64,216,503,elated
64,225,503,elated
64,237,503,elated
64,245,503,elated
64,244,503,elated
64,229,503,elated
64,209,503,elated
64,189,503,elated
64,173,503,elated
64,164,503,elated
64,161,503,elated
64,165,502,elated
64,171,503,elated
64,180,503,elated
64,191,503,elated
64,197,503,elated
64,206,503,elated
64,212,503,elated
64,215,503,elated
64,218,503,elated
64,220,503,elated
64,218,503,elated
64,219,503,elated
64,219,503,elated
64,220,503,elated
64,222,503,elated
64,219,503,elated
64,219,503,elated
64,224,503,elated
64,220,503,elated
64,222,503,elated
64,224,503,elated
64,227,503,elated
64,229,503,elated
64,230,503,elated
64,230,503,elated
64,229,503,elated
64,227,503,elated
64,227,503,elated
64,226,503,elated
64,224,503,elated
64,222,503,elated
64,220,503,elated
64,219,503,elated
65,219,503,elated
65,219,503,elated
65,219,503,elated
65,220,502,elated
65,219,503,elated
65,220,503,elated
65,220,503,elated
65,219,503,elated
65,219,503,elated
65,219,502,elated
65,219,503,elated
65,219,503,elated
65,220,503,elated
65,219,502,elated
65,220,503,elated
65,230,501,elated
65,223,503,elated
65,222,502,elated
65,221,502,elated
65,220,502,elated
65,220,502,elated
65,220,502,elated
65,221,502,elated
65,221,502,elated
65,224,502,elated
66,218,502,elated
66,223,502,elated
66,230,502,elated
66,227,502,elated
66,231,502,elated
66,229,502,elated
66,230,502,elated
66,229,502,elated
66,227,502,elated
66,226,502,elated
66,225,502,elated
66,222,502,elated
66,220,502,elated
66,221,502,elated
66,221,502,elated
66,220,502,elated
66,220,502,elated
66,220,502,elated
66,220,502,elated
66,220,502,elated
66,220,502,elated
66,218,502,elated
66,221,500,elated
66,220,502,elated
66,221,502,elated
66,221,502,elated
66,220,502,elated
66,220,502,elated
66,220,502,elated
66,223,502,elated
66,226,502,elated
66,227,502,elated
66,231,502,elated
66,231,502,elated
66,232,502,elated
66,228,502,elated
66,226,502,elated
66,224,502,elated
66,223,502,elated
66,221,502,elated
66,227,502,elated
66,222,502,elated
66,221,502,elated
66,222,502,elated
67,223,502,elated
67,221,502,elated
67,222,502,elated
67,222,502,elated
67,221,502,elated
67,220,502,elated
67,221,502,elated
67,222,502,elated
67,224,502,elated
67,225,502,elated
67,227,502,elated
67,227,502,elated
67,229,502,elated
67,237,502,elated
67,236,502,elated
67,238,502,elated
67,243,502,elated
67,236,502,elated
67,229,502,elated
67,226,502,elated
67,222,502,elated
67,219,502,elated
67,217,502,elated
67,217,502,elated
67,224,502,elated
67,221,502,elated
67,224,502,elated
67,228,502,elated
67,229,502,elated
67,229,502,elated
67,228,502,elated
67,225,502,elated
67,222,502,elated
67,217,502,elated
67,214,502,elated
67,212,502,elated
67,214,502,elated
67,216,502,elated
67,220,502,elated
67,226,502,elated
67,231,502,elated
67,234,502,elated
67,234,502,elated
67,231,502,elated
68,227,502,elated
68,224,502,elated
68,221,502,elated
68,220,502,elated
68,219,502,elated
68,219,502,elated
68,219,502,elated
68,221,502,elated
68,222,502,elated
68,221,501,elated
68,225,502,elated
68,224,501,elated
68,224,502,elated
68,222,501,elated
68,220,501,elated
68,219,501,elated
68,219,501,elated
68,219,501,elated
68,219,501,elated
68,220,502,elated
68,222,501,elated
68,225,501,elated
68,234,502,elated
68,261,502,elated
68,300,502,elated
68,349,502,elated
68,364,502,elated
68,343,502,elated
68,301,502,elated
68,248,501,elated
68,203,501,elated
68,177,501,elated
68,171,501,elated
68,181,501,elated
68,196,501,elated
68,209,501,elated
68,222,501,elated
68,233,501,elated
68,238,501,elated
68,241,501,elated
68,242,501,elated
68,241,501,elated
68,241,501,elated
69,238,501,elated
69,232,501,elated
69,225,501,elated
69,216,501,elated
69,208,501,elated
69,204,501,elated
69,207,501,elated
69,207,501,elated
69,212,501,elated
69,219,501,elated
69,226,501,elated
69,231,501,elated
69,234,501,elated
69,233,501,elated
69,232,501,elated
69,229,501,elated
69,228,501,elated
69,227,501,elated
69,229,501,elated
69,233,501,elated
69,242,501,elated
69,251,501,elated
69,258,501,elated
69,268,501,elated
69,275,501,elated
69,275,501,elated
69,265,501,elated
69,251,501,elated
69,238,501,elated
69,229,501,elated
69,222,501,elated
69,220,501,elated
69,222,501,elated
69,223,501,elated
69,216,501,elated
69,191,501,elated
69,156,500,elated
69,119,501,elated
69,123,500,elated
69,147,500,elated
69,175,500,elated
69,213,500,elated
69,245,500,elated
69,263,500,elated
70,268,500,elated
70,260,500,elated
70,254,500,elated
70,237,500,elated
70,227,500,elated
70,217,500,elated
70,214,500,elated
70,206,500,elated
70,194,500,elated
70,179,500,elated
70,166,500,elated
70,161,500,elated
70,164,500,elated
70,173,500,elated
70,185,500,elated
70,199,500,elated
70,212,500,elated
70,221,500,elated
70,227,501,elated
70,233,501,elated
70,231,500,elated
70,231,500,elated
70,229,501,elated
70,226,501,elated
70,225,500,elated
70,224,501,elated
70,222,500,elated
70,220,500,elated
70,219,500,elated
70,217,500,elated
70,216,500,elated
70,216,500,elated
70,220,500,elated
70,220,500,elated
70,220,500,elated
70,219,500,elated
70,217,500,elated
70,216,500,elated
70,215,500,elated
70,216,500,elated
70,219,500,elated
70,222,500,elated
70,223,500,elated
70,224,500,elated
71,223,500,elated
71,221,500,elated
71,219,500,elated
71,219,500,elated
71,220,500,elated
71,222,500,elated
71,222,500,elated
71,222,500,elated
71,223,500,elated
71,224,500,elated
71,226,500,elated
71,228,500,elated
71,228,500,elated
71,228,500,elated
71,234,500,elated
71,231,500,elated
71,235,500,elated
71,245,500,elated
71,257,500,elated
71,268,500,elated
71,274,500,elated
71,278,500,elated
71,273,500,elated
71,268,500,elated
71,256,500,elated
71,244,500,elated
71,230,500,elated
71,220,500,elated
71,214,500,elated
71,210,500,elated
71,214,500,elated
71,208,500,elated
71,212,500,elated
71,212,500,elated
71,208,500,elated
71,203,500,elated
71,189,500,elated
71,184,500,elated
71,187,500,elated
71,196,500,elated
71,207,500,elated
71,217,500,elated
71,225,500,elated
71,230,500,elated
72,230,500,elated
72,229,500,elated
72,225,500,elated
72,221,500,elated
72,220,500,elated
72,219,500,elated
72,219,500,elated
72,220,500,elated
72,220,500,elated
72,221,500,elated
72,222,500,elated
72,224,500,elated
72,226,500,elated
72,228,500,elated
72,231,500,elated
72,234,500,elated
72,237,500,elated
72,236,500,elated
72,236,500,elated
72,233,500,elated
72,232,500,elated
72,230,500,elated
72,228,500,elated
72,227,500,elated
72,226,500,elated
72,227,500,elated
72,227,500,elated
72,228,500,elated
72,227,500,elated
72,226,500,elated
72,225,500,elated
72,225,499,elated
72,224,499,elated
72,224,499,elated
72,223,499,elated
72,221,499,elated
72,221,499,elated
72,221,499,elated
72,222,499,elated
72,222,499,elated
72,224,499,elated
72,227,499,elated
72,231,499,elated
72,234,499,elated
73,236,499,elated
73,237,499,elated
73,236,499,elated
73,235,499,elated
73,233,499,elated
73,232,499,elated
73,232,499,elated
73,231,499,elated
73,230,499,elated
73,230,499,elated
73,235,499,elated
73,230,499,elated
73,226,499,elated
73,229,499,elated
73,229,499,elated
73,229,499,elated
73,229,499,elated
73,233,499,elated
73,227,499,elated
73,227,499,elated
73,227,499,elated
73,227,499,elated
73,231,499,elated
73,225,499,elated
73,226,499,elated
73,228,499,elated
73,230,499,elated
73,236,499,elated
73,235,499,elated
73,237,499,elated
73,236,499,elated
73,236,499,elated
73,232,499,elated
73,231,499,elated
73,229,499,elated
73,228,499,elated
73,227,499,elated
73,226,499,elated
73,226,499,elated
73,226,499,elated
73,225,499,elated
73,225,499,elated
73,226,499,elated
73,226,499,elated
74,225,499,elated
74,225,499,elated
74,225,499,elated
74,224,499,elated
74,223,499,elated
74,223,499,elated
74,223,499,elated
74,223,499,elated
74,224,498,elated
74,227,499,elated
74,234,499,elated
74,233,499,elated
74,232,498,elated
74,240,498,elated
74,238,499,elated
74,234,498,elated
74,232,498,elated
74,229,498,elated
74,228,498,elated
74,227,498,elated
74,227,498,elated
74,226,498,elated
74,226,498,elated
74,226,498,elated
74,226,498,elated
74,227,498,elated
74,226,498,elated
74,225,498,elated
74,224,498,elated
74,224,498,elated
74,225,498,elated
74,223,498,elated
74,221,498,elated
74,221,498,elated
74,221,498,elated
74,223,498,elated
74,225,498,elated
74,229,498,elated
74,233,498,elated
74,236,498,elated
74,236,498,elated
74,242,498,elated
74,235,498,elated
74,233,498,elated
75,231,498,elated
75,229,498,elated
75,229,498,elated
75,228,498,elated
75,227,498,elated
75,227,498,elated
75,227,498,elated
75,227,498,elated
75,226,498,elated
75,226,498,elated
75,226,498,elated
75,226,498,elated
75,225,498,elated
75,223,498,elated
75,222,498,elated
75,220,498,elated
75,217,498,elated
75,215,498,elated
75,213,498,elated
75,213,498,elated
75,215,498,elated
75,221,498,elated
75,226,498,elated
75,231,498,elated
75,234,498,elated
75,234,498,elated
75,233,498,elated
75,231,498,elated
75,231,498,elated
75,229,498,elated
75,229,498,elated
75,230,498,elated
75,229,498,elated
75,230,498,elated
75,231,498,elated
75,233,498,elated
75,244,498,elated
75,260,498,elated
75,264,498,elated
75,263,498,elated
75,265,499,elated
75,266,498,elated
75,260,498,elated
76,251,498,elated
76,245,498,elated
76,237,498,elated
76,232,498,elated
76,227,498,elated
76,226,498,elated
76,232,498,elated
76,236,498,elated
76,241,498,elated
76,241,498,elated
76,240,498,elated
76,235,498,elated
76,227,498,elated
76,223,498,elated
76,221,498,elated
76,221,498,elated
76,222,498,elated
76,225,498,elated
76,229,498,elated
76,234,498,elated
76,239,498,elated
76,249,498,elated
76,245,498,elated
76,238,498,elated
76,221,498,elated
76,202,498,elated
76,186,498,elated
76,179,498,elated
76,177,498,elated
76,172,498,elated
76,165,498,elated
76,158,498,elated
76,152,498,elated
76,151,498,elated
76,155,498,elated
76,164,498,elated
76,177,498,elated
76,196,498,elated
76,219,498,elated
76,244,498,elated
76,265,498,elated
76,275,498,elated
76,278,498,elated
76,261,498,elated
77,245,498,elated
77,227,498,elated
77,215,498,elated
77,211,498,elated
77,218,498,elated
77,225,498,elated
77,238,498,elated
77,247,498,elated
77,255,498,elated
77,262,498,elated
77,269,498,elated
77,276,498,elated
77,281,498,elated
77,279,498,elated
77,269,498,elated
77,263,498,elated
77,258,498,elated
77,268,498,elated
77,288,498,elated
77,309,499,elated
77,331,499,elated
77,358,499,elated
77,383,499,elated
77,398,500,elated
77,402,500,elated
77,408,500,elated
77,399,499,elated
77,373,499,elated
77,378,499,elated
77,382,499,elated
77,370,499,elated
77,345,499,elated
77,321,498,elated
77,300,498,elated
77,290,498,elated
77,271,498,elated
77,260,498,elated
77,251,498,elated
77,246,498,elated
77,243,498,elated
77,240,498,elated
77,240,498,elated
77,239,498,elated
77,233,498,elated
78,234,498,elated
78,235,498,elated
78,236,498,elated
78,238,498,elated
78,239,498,elated
78,239,498,elated
78,237,498,elated
78,234,498,elated
78,228,498,elated
78,222,498,elated
78,215,498,elated
78,212,498,elated
78,217,498,elated
78,226,498,elated
78,231,498,elated
78,233,498,elated
78,234,498,elated
78,230,498,elated
78,219,498,elated
78,211,498,elated
78,199,498,elated
78,189,498,elated
78,181,497,elated
78,175,497,elated
78,172,497,elated
78,169,497,elated
78,169,497,elated
78,176,497,elated
78,195,498,elated
78,221,498,elated
78,244,498,elated
78,259,498,elated
78,270,498,elated
78,267,498,elated
78,264,498,elated
78,261,498,elated
78,256,498,elated
78,254,498,elated
78,254,498,elated
78,256,498,elated
78,258,498,elated
78,258,498,elated
78,258,498,elated
78,254,498,elated
79,253,498,elated
79,250,498,elated
79,246,498,elated
79,243,498,elated
79,240,498,elated
79,238,498,elated
79,234,498,elated
79,231,498,elated
79,229,498,elated
79,228,498,elated
79,231,498,elated
79,239,498,elated
79,244,498,elated
79,252,498,elated
79,255,498,elated
79,256,498,elated
79,254,498,elated
79,250,498,elated
79,245,498,elated
79,240,498,elated
79,235,498,elated
79,232,498,elated
79,232,498,elated
79,231,498,elated
79,232,498,elated
79,235,498,elated
79,236,498,elated
79,238,498,elated
79,236,498,elated
79,242,498,elated
79,240,498,elated
79,238,498,elated
79,234,498,elated
79,228,498,elated
79,226,498,elated
79,226,498,elated
79,228,498,elated
79,232,498,elated
79,239,498,elated
79,243,498,elated
79,246,498,elated
79,245,498,elated
79,243,498,elated
79,239,498,elated
80,235,498,elated
80,230,498,elated
80,232,498,elated
80,224,498,elated
80,223,498,elated
80,222,498,elated
80,223,498,elated
80,224,498,elated
80,229,498,elated
80,224,498,elated
80,221,498,elated
80,222,498,elated
80,219,498,elated
80,220,498,elated
80,219,498,elated
80,218,498,elated
80,218,498,elated
80,219,498,elated
80,222,498,elated
80,229,498,elated
80,234,498,elated
80,237,498,elated
80,238,498,elated
80,236,498,elated
80,234,498,elated
80,231,498,elated
80,228,498,elated
80,225,498,elated
80,224,498,elated
80,223,498,elated
80,221,498,elated
80,221,498,elated
80,220,498,elated
80,220,498,elated
80,220,498,elated
80,220,498,elated
80,218,498,elated
80,220,498,elated
80,220,498,elated
80,219,498,elated
80,218,498,elated
80,219,498,elated
80,220,498,elated
80,224,498,elated
81,225,498,elated
81,233,498,elated
81,237,498,elated
81,238,498,elated
81,237,498,elated
81,235,498,elated
81,233,498,elated
81,229,499,elated
81,228,498,elated
81,226,498,elated
81,225,499,elated
81,224,498,elated
81,224,499,elated
81,223,498,elated
81,223,498,elated
81,222,498,elated
81,222,498,elated
81,221,498,elated
81,221,498,elated
81,226,498,elated
81,221,498,elated
81,220,498,elated
81,220,498,elated
81,221,498,elated
81,223,498,elated
81,226,499,elated
81,230,499,elated
81,235,499,elated
81,238,499,elated
81,239,499,elated
81,239,499,elated
81,238,499,elated
81,236,499,elated
81,233,499,elated
81,231,499,elated
81,228,499,elated
81,229,499,elated
81,225,499,elated
81,224,499,elated
81,224,498,elated
81,224,498,elated
81,224,499,elated
81,224,499,elated
82,223,499,elated
82,223,499,elated
82,222,499,elated
82,220,499,elated
82,220,499,elated
82,219,499,elated
82,219,499,elated
82,221,499,elated
82,224,499,elated
82,228,499,elated
82,232,499,elated
82,235,499,elated
82,236,499,elated
82,233,499,elated
82,233,499,elated
82,231,499,elated
82,232,499,elated
82,227,499,elated
82,225,499,elated
82,224,499,elated
82,223,499,elated
82,222,499,elated
82,222,499,elated
82,222,499,elated
82,223,499,elated
82,223,499,elated
82,222,499,elated
82,226,499,elated
82,220,505,elated
82,219,499,elated
82,223,499,elated
82,221,499,elated
82,220,499,elated
82,221,499,elated
82,224,499,elated
82,228,499,elated
82,232,499,elated
82,234,499,elated
82,234,499,elated
82,233,499,elated
82,232,499,elated
82,230,499,elated
82,227,499,elated
82,225,499,elated
83,224,499,elated
83,222,499,elated
83,222,499,elated
83,221,499,elated
83,221,499,elated
83,221,499,elated
83,222,499,elated
83,225,499,elated
83,221,499,elated
83,220,499,elated
83,220,499,elated
83,220,499,elated
83,219,499,elated
83,219,499,elated
83,221,499,elated
83,223,499,elated
83,227,499,elated
83,230,499,elated
83,232,499,elated
83,234,499,elated
83,234,499,elated
83,233,499,elated
83,232,499,elated
83,230,499,elated
83,228,499,elated
83,226,499,elated
83,224,499,elated
83,228,499,elated
83,223,499,elated
83,221,499,elated
83,220,499,elated
83,220,499,elated
83,220,499,elated
83,220,499,elated
83,220,499,elated
83,221,499,elated
83,222,499,elated
83,221,499,elated
83,222,499,elated
83,221,499,elated
83,221,499,elated
83,221,499,elated
83,229,499,elated
83,229,499,elated
84,234,499,elated
84,237,499,elated
84,238,499,elated
84,238,499,elated
84,237,499,elated
84,234,499,elated
84,231,499,elated
84,229,499,elated
84,227,499,elated
84,224,499,elated
84,222,499,elated
84,220,499,elated
84,224,499,elated
84,221,499,elated
84,224,499,elated
84,227,499,elated
84,228,499,elated
84,227,499,elated
84,227,499,elated
84,222,499,elated
84,221,499,elated
84,221,499,elated
84,221,499,elated
84,225,499,elated
84,223,499,elated
84,222,499,elated
84,225,499,elated
84,229,499,elated
84,231,499,elated
84,233,499,elated
84,232,499,elated
84,230,499,elated
84,230,499,elated
84,228,499,elated
84,227,499,elated
84,226,499,elated
84,225,499,elated
84,225,499,elated
84,230,499,elated
84,226,499,elated
84,226,499,elated
84,226,499,elated
84,227,499,elated
84,225,499,elated
85,225,499,elated
85,222,499,elated
85,228,499,elated
85,222,499,elated
85,219,499,elated
85,221,499,elated
85,221,499,elated
85,222,499,elated
85,221,499,elated
85,222,499,elated
85,223,499,elated
85,225,499,elated
85,228,499,elated
85,231,499,elated
85,231,499,elated
85,236,499,elated
85,230,499,elated
85,228,499,elated
85,227,499,elated
85,231,499,elated
85,225,499,elated
85,224,499,elated
85,224,499,elated
85,223,499,elated
85,223,499,elated
85,223,499,elated
85,223,499,elated
85,223,499,elated
85,223,499,elated
85,222,499,elated
85,222,499,elated
85,222,499,elated
85,221,499,elated
85,221,499,elated
85,221,499,elated
85,220,499,elated
85,226,499,elated
85,222,499,elated
85,229,499,elated
85,227,499,elated
85,229,499,elated
85,230,499,elated
85,230,499,elated
85,228,499,elated
86,227,499,elated
86,225,499,elated
86,224,499,elated
86,224,500,elated
86,224,499,elated
86,225,500,elated
86,224,499,elated
86,224,499,elated
86,224,500,elated
86,227,500,elated
86,224,500,elated
86,225,500,elated
86,224,500,elated
86,224,500,elated
86,222,500,elated
86,226,499,elated
86,221,500,elated
86,231,500,elated
86,232,500,elated
86,233,500,elated
86,232,505,elated
86,231,500,elated
86,229,500,elated
86,228,500,elated
86,226,500,elated
86,226,500,elated
86,225,500,elated
86,225,500,elated
86,225,500,elated
86,226,500,elated
86,225,500,elated
86,225,500,elated
86,224,500,elated
86,224,500,elated
86,224,500,elated
86,223,500,elated
86,223,500,elated
86,224,500,elated
87,223,500,elated
87,223,500,elated
87,224,500,elated
87,224,500,elated
87,225,500,elated
87,228,500,elated
87,232,500,elated
87,234,500,elated
87,235,500,elated
87,234,500,elated
87,234,500,elated
87,233,500,elated
87,232,500,elated
87,231,500,elated
87,229,500,elated
87,227,500,elated
87,227,500,elated
87,227,500,elated
87,225,500,elated
87,226,500,elated
87,226,500,elated
87,226,500,elated
87,226,500,elated
87,225,500,elated
87,225,500,elated
87,224,500,elated
87,224,500,elated
87,223,500,elated
87,223,500,elated
87,223,500,elated
87,223,500,elated
87,223,500,elated
87,225,500,elated
87,227,500,elated
87,230,500,elated
87,234,500,elated
87,236,500,elated
87,236,500,elated
87,234,500,elated
87,233,500,elated
87,231,500,elated
87,228,500,elated
87,229,500,elated
87,227,500,elated
88,227,500,elated
88,226,500,elated
88,225,500,elated
88,225,500,elated
88,225,500,elated
88,225,500,elated
88,225,500,elated
88,224,500,elated
88,224,500,elated
88,223,500,elated
88,223,500,elated
88,223,500,elated
88,223,500,elated
88,223,500,elated
88,223,500,elated
88,223,500,elated
88,225,500,elated
88,227,500,elated
88,230,500,elated
88,235,500,elated
88,235,500,elated
88,237,500,elated
88,236,500,elated
88,234,500,elated
88,233,500,elated
88,231,500,elated
88,230,500,elated
88,228,500,elated
88,227,500,elated
88,228,500,elated
88,227,500,elated
88,227,500,elated
88,227,500,elated
88,227,503,elated
88,227,500,elated
88,227,500,elated
88,225,500,elated
88,225,500,elated
88,224,500,elated
88,224,500,elated
88,222,500,elated
88,221,500,elated
88,223,500,elated
88,224,500,elated
89,230,500,elated
89,231,500,elated
89,240,500,elated
89,239,500,elated
89,240,500,elated
89,238,500,elated
89,237,500,elated
89,235,500,elated
89,234,500,elated
89,232,500,elated
89,230,500,elated
89,230,500,elated
89,229,500,elated
89,230,500,elated
89,229,500,elated
89,229,500,elated
89,228,500,elated
89,227,500,elated
89,224,500,elated
89,221,500,elated
89,217,500,elated
89,215,500,elated
89,213,500,elated
89,214,500,elated
89,216,500,elated
89,219,500,elated
89,223,500,elated
89,226,503,elated
89,231,500,elated
89,233,500,elated
89,234,498,elated
89,234,500,elated
89,231,500,elated
89,230,500,elated
89,231,500,elated
89,234,500,elated
89,234,500,elated
89,235,500,elated
89,234,500,elated
89,233,500,elated
89,232,500,elated
89,231,500,elated
89,231,500,elated
89,231,500,elated
90,231,500,elated
90,231,500,elated
90,230,500,elated
90,229,500,elated
90,228,500,elated
90,226,500,elated
90,225,500,elated
90,225,500,elated
90,225,500,elated
90,225,500,elated
90,225,500,elated
90,227,500,elated
90,229,500,elated
90,233,500,elated
90,237,500,elated
90,241,500,elated
90,243,500,elated
90,243,500,elated
90,242,500,elated
90,240,500,elated
90,238,500,elated
90,236,500,elated
90,234,500,elated
90,232,500,elated
90,231,500,elated
90,230,500,elated
90,230,500,elated
90,229,500,elated
90,229,500,elated
90,229,500,elated
90,228,500,elated
90,227,500,elated
90,225,500,elated
90,226,500,elated
90,225,500,elated
90,225,500,elated
90,225,500,elated
90,225,500,elated
90,224,500,elated
90,224,500,elated
90,223,500,elated
90,223,500,elated
90,225,500,elated
90,229,500,elated
91,232,500,elated
91,237,500,elated
91,238,500,elated
91,240,500,elated
91,240,500,elated
91,238,500,elated
91,238,500,elated
91,235,500,elated
91,232,500,elated
91,230,500,elated
91,229,500,elated
91,228,500,elated
91,228,500,elated
91,227,500,elated
91,227,500,elated
91,227,500,elated
91,226,500,elated
91,225,500,elated
91,224,500,elated
91,223,500,elated
91,222,500,elated
91,222,500,elated
91,221,500,elated
91,221,500,elated
91,221,500,elated
91,222,500,elated
91,223,500,elated
91,222,500,elated
91,221,500,elated
91,223,500,elated
91,225,500,elated
91,233,500,elated
91,234,500,elated
91,237,500,elated
91,239,500,elated
91,238,500,elated
91,237,500,elated
91,235,500,elated
91,233,500,elated
91,231,500,elated
91,230,500,elated
91,228,500,elated
91,225,500,elated
91,227,500,elated
92,227,500,elated
92,226,500,elated
92,226,500,elated
92,230,500,elated
92,225,500,elated
92,225,500,elated
92,224,500,elated
92,223,500,elated
92,223,500,elated
92,222,500,elated
92,222,500,elated
92,227,500,elated
92,221,500,elated
92,221,500,elated
92,221,500,elated
92,221,500,elated
92,221,500,elated
92,222,500,elated
92,224,500,elated
92,228,500,elated
92,232,500,elated
92,236,500,elated
92,237,500,elated
92,238,500,elated
92,238,500,elated
92,237,500,elated
92,234,500,elated
92,233,500,elated
92,232,499,elated
92,230,499,elated
92,229,499,elated
92,228,500,elated
92,227,499,elated
92,227,499,elated
92,224,499,elated
92,226,499,elated
92,226,500,elated
92,225,499,elated
92,224,499,elated
92,223,499,elated
92,222,499,elated
92,221,499,elated
92,221,499,elated
93,221,499,elated
93,221,499,elated
93,220,499,elated
93,220,499,elated
93,221,499,elated
93,221,499,elated
93,222,499,elated
93,223,499,elated
93,225,499,elated
93,229,499,elated
93,232,500,elated
93,235,500,elated
93,237,500,elated
93,237,499,elated
93,233,500,elated
93,234,500,elated
93,232,500,elated
93,231,500,elated
93,227,499,elated
93,228,499,elated
93,227,499,elated
93,227,499,elated
93,227,499,elated
93,226,499,elated
93,226,499,elated
93,226,500,elated
93,226,499,elated
93,225,499,elated
93,224,499,elated
93,227,499,elated
93,224,499,elated
93,224,499,elated
93,223,499,elated
93,222,499,elated
93,222,499,elated
93,219,499,elated
93,221,499,elated
93,221,499,elated
93,221,499,elated
93,221,499,elated
93,222,499,elated
93,224,499,elated
93,232,499,elated
93,235,500,elated
94,240,500,elated
94,242,500,elated
94,241,500,elated
94,238,500,elated
94,235,500,elated
94,231,500,elated
94,227,499,elated
94,222,499,elated
94,218,499,elated
94,213,499,elated
94,209,499,elated
94,207,499,elated
94,207,499,elated
94,212,499,elated
94,208,499,elated
94,207,499,elated
94,205,499,elated
94,202,499,elated
94,201,499,elated
94,204,499,elated
94,209,499,elated
94,217,500,elated
94,224,499,elated
94,232,500,elated
94,237,500,elated
94,242,500,elated
94,247,500,elated
94,254,500,elated
94,259,500,elated
94,262,500,elated
94,262,500,elated
94,260,500,elated
94,256,500,elated
94,251,500,elated
94,248,500,elated
94,246,500,elated
94,244,500,elated
94,241,500,elated
94,238,500,elated
94,233,500,elated
94,228,500,elated
94,224,500,elated
94,221,500,elated
94,220,500,elated
95,219,500,elated
95,219,500,elated
95,218,500,elated
95,217,500,elated
95,217,500,elated
95,217,500,elated
95,217,500,elated
95,216,500,elated
95,216,500,elated
95,217,500,elated
95,220,500,elated
95,227,500,elated
95,240,500,elated
95,239,500,elated
95,238,500,elated
95,235,500,elated
95,231,500,elated
95,225,500,elated
95,218,500,elated
95,212,500,elated
95,207,500,elated
95,205,500,elated
95,207,500,elated
95,213,500,elated
95,219,500,elated
95,227,500,elated
95,234,500,elated
95,236,500,elated
95,236,500,elated
95,234,500,elated
95,233,500,elated
95,231,500,elated
95,229,500,elated
95,225,500,elated
95,223,500,elated
95,221,500,elated
95,220,500,elated
95,221,500,elated
95,223,500,elated
95,228,500,elated
95,234,500,elated
95,241,500,elated
95,245,500,elated
95,246,500,elated
96,246,500,elated
96,244,500,elated
96,242,500,elated
96,243,500,elated
96,236,500,elated
96,234,500,elated
96,231,500,elated
96,229,500,elated
96,228,500,elated
96,227,500,elated
96,227,500,elated
96,226,500,elated
96,226,500,elated
96,225,500,elated
96,225,500,elated
96,224,500,elated
96,224,500,elated
96,224,500,elated
96,224,500,elated
96,225,499,elated
96,227,500,elated
96,234,500,elated
96,233,500,elated
96,239,500,elated
96,243,500,elated
96,245,500,elated
96,245,500,elated
96,243,499,elated
96,240,499,elated
96,237,499,elated
96,235,499,elated
96,233,499,elated
96,231,499,elated
96,230,499,elated
96,229,499,elated
96,228,499,elated
96,227,499,elated
96,226,499,elated
96,224,499,elated
96,223,499,elated
96,223,499,elated
96,224,499,elated
96,224,499,elated
96,223,499,elated
97,219,499,elated
97,221,499,elated
97,222,499,elated
97,224,499,elated
97,230,499,elated
97,238,499,elated
97,246,499,elated
97,251,499,elated
97,253,499,elated
97,253,499,elated
97,249,499,elated
97,246,499,elated
97,244,499,elated
97,242,499,elated
97,239,499,elated
97,236,499,elated
97,233,499,elated
97,231,499,elated
97,229,499,elated
97,228,499,elated
97,227,499,elated
97,226,499,elated
97,225,499,elated
97,224,499,elated
97,223,499,elated
97,223,499,elated
97,221,499,elated
97,222,499,elated
97,217,499,elated
97,221,499,elated
97,224,499,elated
97,229,499,elated
97,237,499,elated
97,245,499,elated
97,250,499,elated
97,252,499,elated
97,252,499,elated
97,249,499,elated
97,247,499,elated
97,244,499,elated
97,241,499,elated
97,237,499,elated
97,234,499,elated
98,230,499,elated
98,228,499,elated
98,226,499,elated
98,225,499,elated
98,225,499,elated
98,225,499,elated
98,225,499,elated
98,224,499,elated
98,221,499,elated
98,220,499,elated
98,219,499,elated
98,218,499,elated
98,218,499,elated
98,218,499,elated
98,216,499,elated
98,218,499,elated
98,222,499,elated
98,233,499,elated
98,236,499,elated
98,244,499,elated
98,248,499,elated
98,249,499,elated
98,246,499,elated
98,243,505,elated
98,240,499,elated
98,237,499,elated
98,233,499,elated
98,229,499,elated
98,226,499,elated
98,223,499,elated
98,221,499,elated
98,221,499,elated
98,222,499,elated
98,222,499,elated
98,223,499,elated
98,222,499,elated
98,222,499,elated
98,221,499,elated
98,221,499,elated
98,221,499,elated
98,219,499,elated
98,218,499,elated
98,218,499,elated
98,217,499,elated
99,217,499,elated
99,217,499,elated
99,219,499,elated
99,227,499,elated
99,235,499,elated
99,242,499,elated
99,245,499,elated
99,245,499,elated
99,242,499,elated
99,239,499,elated
99,233,499,elated
99,232,499,elated
99,229,499,elated
99,226,499,elated
99,225,499,elated
99,224,499,elated
99,223,499,elated
99,224,499,elated
99,224,499,elated
99,223,499,elated
99,222,499,elated
99,221,499,elated
99,221,499,elated
99,220,499,elated
99,219,499,elated
99,218,499,elated
99,214,499,elated
99,217,499,elated
99,216,499,elated
99,216,499,elated
99,218,499,elated
99,223,499,elated
99,231,499,elated
99,239,499,elated
99,243,499,elated
99,244,499,elated
99,244,499,elated
99,241,499,elated
99,237,499,elated
99,234,498,elated
99,231,499,elated
99,229,499,elated
99,226,499,elated
99,224,499,elated
100,223,499,elated
100,222,499,elated
100,222,499,elated
100,222,499,elated
100,223,499,elated
100,222,499,elated
100,222,499,elated
100,222,499,elated
100,222,499,elated
100,222,499,elated
100,221,499,elated
100,221,498,elated
100,219,498,elated
100,218,498,elated
100,217,498,elated
100,217,498,elated
100,219,498,elated
100,224,499,elated
100,230,499,elated
100,237,499,elated
100,239,499,elated
100,242,499,elated
100,241,499,elated
100,239,499,elated
100,236,499,elated
100,233,499,elated
100,231,498,elated
100,228,498,elated
100,226,499,elated
100,224,498,elated
100,224,498,elated
100,223,498,elated
100,223,498,elated
100,223,498,elated
100,222,498,elated
100,222,498,elated
100,221,498,elated
100,220,498,elated
100,218,498,elated
100,216,498,elated
100,215,498,elated
100,216,499,elated
100,217,498,elated
100,217,499,elated
101,216,498,elated
101,217,498,elated
101,217,498,elated
101,219,498,elated
101,223,498,elated
101,229,499,elated
101,234,499,elated
101,238,499,elated
101,239,499,elated
101,237,499,elated
101,235,499,elated
101,232,499,elated
101,232,499,elated
101,229,499,elated
101,227,499,elated
101,225,499,elated
101,224,499,elated
101,223,498,elated
101,222,499,elated
101,222,498,elated
101,222,498,elated
101,221,498,elated
101,221,498,elated
101,220,498,elated
101,219,498,elated
101,219,499,elated
101,218,498,elated
101,218,498,elated
101,215,498,elated
101,218,498,elated
101,217,498,elated
101,218,498,elated
101,218,498,elated
101,217,498,elated
101,217,498,elated
101,220,498,elated
101,224,498,elated
101,229,499,elated
101,234,499,elated
101,236,499,elated
101,234,499,elated
101,233,499,elated
101,230,498,elated
101,227,499,elated
102,225,498,elated
102,224,498,elated
102,224,498,elated
102,224,498,elated
102,224,498,elated
102,224,498,elated
102,224,498,elated
102,224,498,elated
102,221,498,elated
102,223,498,elated
102,223,498,elated
102,223,498,elated
102,219,498,elated
102,221,498,elated
102,218,498,elated
102,219,498,elated
102,219,498,elated
102,218,498,elated
102,217,498,elated
102,218,498,elated
102,219,498,elated
102,222,498,elated
102,228,498,elated
102,233,499,elated
102,236,499,elated
102,236,499,elated
102,235,499,elated
102,233,499,elated
102,231,498,elated
102,228,499,elated
102,226,499,elated
102,222,498,elated
102,222,498,elated
102,222,498,elated
102,220,498,elated
102,222,498,elated
102,222,498,elated
102,222,499,elated
102,221,499,elated
102,221,498,elated
102,220,498,elated
102,220,499,elated
102,220,498,elated
103,220,498,elated
103,220,498,elated
103,219,498,elated
103,219,498,elated
103,220,498,elated
103,220,498,elated
103,221,498,elated
103,222,498,elated
103,223,498,elated
103,226,498,elated
103,230,498,elated
103,233,498,elated
103,234,498,elated
103,235,498,elated
103,234,498,elated
103,232,498,elated
103,231,498,elated
103,229,498,elated
103,228,498,elated
103,226,498,elated
103,225,498,elated
103,224,498,elated
103,223,498,elated
103,224,498,elated
103,224,498,elated
103,223,498,elated
103,223,498,elated
103,223,498,elated
103,223,498,elated
103,222,498,elated
103,221,498,elated
103,221,498,elated
103,220,498,elated
103,220,498,elated
103,220,498,elated
103,219,498,elated
103,221,499,elated
103,221,498,elated
103,219,498,elated
103,224,499,elated
103,227,499,elated
103,231,499,elated
103,234,499,elated
103,235,499,elated
104,235,499,elated
104,234,499,elated
104,232,499,elated
104,231,499,elated
104,228,499,elated
104,228,499,elated
104,227,499,elated
104,225,499,elated
104,224,499,elated
104,223,499,elated
104,223,499,elated
104,223,499,elated
104,224,499,elated
104,223,499,elated
104,224,499,elated
104,223,499,elated
104,222,499,elated
104,222,499,elated
104,221,499,elated
104,220,499,elated
104,218,499,elated
104,219,499,elated
104,219,499,elated
104,217,499,elated
104,220,499,elated
104,219,499,elated
104,223,499,elated
104,226,499,elated
104,232,499,elated
104,235,499,elated
104,237,499,elated
104,237,499,elated
104,235,499,elated
104,233,499,elated
104,231,499,elated
104,230,499,elated
104,229,499,elated
104,228,499,elated
104,226,499,elated
104,226,499,elated
104,225,499,elated
104,225,499,elated
104,225,499,elated
104,224,499,elated
105,224,499,elated
105,223,499,elated
105,223,499,elated
105,222,499,elated
105,222,499,elated
105,221,499,elated
105,221,499,elated
105,219,499,elated
105,222,499,elated
105,221,499,elated
105,221,499,elated
105,221,499,elated
105,222,499,elated
105,224,499,elated
105,228,499,elated
105,231,499,elated
105,234,499,elated
105,234,499,elated
105,235,499,elated
105,235,499,elated
105,234,499,elated
105,233,499,elated
105,229,499,elated
105,230,499,elated
105,228,499,elated
105,227,499,elated
105,227,499,elated
105,227,499,elated
105,227,499,elated
105,227,499,elated
105,226,499,elated
105,225,499,elated
105,224,499,elated
105,223,499,elated
105,223,499,elated
105,222,499,elated
105,221,499,elated
105,220,499,elated
105,221,499,elated
105,221,499,elated
105,222,499,elated
105,219,499,elated
105,221,499,elated
106,223,499,elated
106,225,499,elated
106,231,499,elated
106,236,499,elated
106,239,499,elated
106,239,499,elated
106,239,499,elated
106,237,499,elated
106,234,499,elated
106,232,499,elated
106,231,499,elated
106,230,499,elated
106,229,499,elated
106,228,499,elated
106,227,499,elated
106,227,499,elated
106,227,499,elated
106,226,499,elated
106,225,499,elated
106,225,499,elated
106,224,499,elated
106,223,499,elated
106,222,499,elated
106,222,499,elated
106,221,499,elated
106,220,499,elated
106,219,499,elated
106,221,499,elated
106,221,499,elated
106,222,499,elated
106,222,499,elated
106,220,499,elated
106,223,499,elated
106,226,499,elated
106,231,499,elated
106,237,499,elated
106,240,499,elated
106,241,499,elated
106,240,499,elated
106,237,499,elated
106,235,499,elated
106,233,499,elated
106,232,499,elated
106,230,499,elated
107,229,499,elated
107,228,499,elated
107,228,499,elated
107,228,499,elated
107,227,499,elated
107,227,499,elated
107,226,499,elated
107,225,499,elated
107,225,499,elated
107,223,499,elated
107,224,499,elated
107,220,499,elated
107,220,499,elated
107,217,499,elated
107,221,499,elated
107,221,499,elated
107,222,499,elated
107,223,499,elated
107,224,499,elated
107,227,499,elated
107,232,499,elated
107,235,499,elated
107,241,499,elated
107,242,499,elated
107,241,499,elated
107,239,499,elated
107,237,499,elated
107,234,499,elated
107,232,499,elated
107,229,499,elated
107,228,499,elated
107,227,499,elated
107,228,499,elated
107,229,499,elated
107,229,499,elated
107,229,499,elated
107,229,499,elated
107,227,499,elated
107,224,499,elated
107,224,499,elated
107,223,499,elated
107,222,499,elated
107,222,499,elated
107,222,499,elated
108,223,499,elated
108,223,499,elated
108,223,499,elated
108,223,499,elated
108,225,499,elated
108,229,499,elated
108,236,499,elated
108,241,499,elated
108,246,499,elated
108,248,499,elated
108,249,499,elated
108,248,499,elated
108,242,499,elated
108,243,499,elated
108,240,499,elated
108,236,499,elated
108,233,499,elated
108,229,499,elated
108,228,499,elated
108,227,499,elated
108,225,499,elated
108,225,499,elated
108,226,499,elated
108,226,499,elated
108,225,499,elated
108,225,499,elated
108,224,499,elated
108,223,499,elated
108,223,499,elated
108,223,499,elated
108,223,499,elated
108,223,499,elated
108,222,499,elated
108,222,499,elated
108,222,499,elated
108,223,499,elated
108,227,499,elated
108,232,499,elated
108,237,499,elated
108,242,499,elated
108,243,499,elated
108,243,499,elated
108,242,499,elated
108,237,499,elated
109,237,499,elated
109,235,499,elated
109,233,499,elated
109,231,499,elated
109,229,499,elated
109,226,499,elated
109,227,499,elated
109,226,499,elated
109,226,499,elated
109,226,499,elated
109,225,499,elated
109,223,499,elated
109,221,499,elated
109,226,499,elated
109,220,499,elated
109,222,499,elated
109,221,499,elated
109,221,499,elated
109,221,499,elated
109,220,499,elated
109,219,499,elated
109,219,499,elated
109,222,499,elated
109,226,499,elated
109,233,499,elated
109,239,499,elated
109,244,499,elated
109,245,499,elated
109,244,499,elated
109,242,499,elated
109,238,499,elated
109,236,499,elated
109,233,499,elated
109,231,499,elated
109,230,499,elated
109,227,499,elated
109,228,499,elated
109,227,499,elated
109,226,499,elated
109,226,499,elated
109,225,499,elated
109,225,499,elated
109,224,499,elated
110,224,499,elated
110,223,499,elated
110,222,499,elated
110,221,499,elated
110,221,499,elated
110,220,499,elated
110,219,499,elated
110,219,499,elated
110,220,499,elated
110,223,499,elated
110,227,499,elated
110,232,499,elated
110,238,499,elated
110,241,499,elated
110,242,499,elated
110,240,499,elated
110,238,499,elated
110,235,499,elated
110,233,499,elated
110,231,499,elated
110,229,499,elated
110,228,499,elated
110,226,499,elated
110,226,499,elated
110,225,499,elated
110,225,499,elated
110,225,499,elated
110,224,499,elated
110,223,499,elated
110,222,499,elated
110,221,499,elated
110,221,499,elated
110,220,499,elated
110,219,499,elated
110,219,499,elated
110,218,499,elated
110,218,499,elated
110,219,499,elated
110,222,499,elated
110,228,499,elated
110,233,499,elated
110,241,499,elated
110,245,499,elated
110,246,499,elated
111,244,500,elated
111,242,499,elated
111,239,499,elated
111,235,499,elated
111,234,499,elated
111,231,499,elated
111,229,499,elated
111,226,499,elated
111,225,499,elated
111,225,499,elated
111,225,499,elated
111,224,499,elated
111,224,499,elated
111,223,499,elated
111,222,499,elated
111,221,499,elated
111,220,499,elated
111,220,499,elated
111,220,499,elated
111,219,499,elated
111,224,499,elated
111,219,499,elated
111,218,499,elated
111,215,499,elated
111,220,499,elated
111,225,499,elated
111,232,499,elated
111,238,499,elated
111,243,500,elated
111,245,499,elated
111,244,500,elated
111,242,499,elated
111,240,499,elated
111,237,499,elated
111,234,499,elated
111,231,499,elated
111,229,499,elated
111,226,499,elated
111,225,499,elated
111,222,499,elated
111,223,499,elated
111,223,499,elated
111,222,499,elated
111,222,499,elated
112,222,499,elated
112,221,499,elated
112,220,499,elated
112,219,499,elated
112,217,499,elated
112,216,499,elated
112,216,499,elated
112,216,499,elated
112,217,499,elated
112,232,499,elated
112,239,500,elated
112,243,499,elated
112,244,499,elated
112,243,500,elated
112,241,499,elated
112,238,499,elated
112,235,499,elated
112,233,499,elated
112,230,499,elated
112,226,499,elated
112,224,499,elated
112,223,499,elated
112,223,499,elated
112,223,499,elated
112,223,499,elated
112,223,499,elated
112,223,499,elated
112,223,499,elated
112,221,499,elated
112,220,499,elated
112,218,499,elated
112,218,499,elated
112,217,499,elated
112,217,499,elated
112,217,499,elated
112,217,499,elated
112,218,499,elated
112,218,499,elated
112,217,499,elated
113,218,499,elated
113,220,499,elated
113,224,499,elated
113,229,499,elated
113,235,499,elated
113,239,499,elated
113,240,499,elated
113,238,499,elated
113,237,499,elated
113,233,499,elated
113,230,499,elated
113,229,499,elated
113,227,499,elated
113,225,499,elated
113,224,499,elated
113,224,499,elated
113,224,499,elated
113,223,499,elated
113,224,499,elated
113,223,499,elated
113,223,499,elated
113,224,499,elated
113,221,499,elated
113,220,499,elated
113,218,499,elated
113,218,499,elated
113,221,499,elated
113,217,499,elated
113,217,499,elated
113,218,499,elated
113,219,499,elated
113,218,499,elated
113,218,499,elated
113,219,499,elated
113,224,499,elated
113,230,499,elated
113,234,499,elated
113,237,499,elated
113,238,499,elated
113,237,499,elated
113,234,499,elated
113,232,499,elated
113,230,499,elated
113,228,499,elated
114,227,499,elated
114,226,499,elated
114,224,499,elated
114,223,499,elated
114,222,499,elated
114,222,499,elated
114,222,499,elated
114,222,499,elated
114,219,499,elated
114,221,499,elated
114,220,499,elated
114,220,499,elated
114,219,499,elated
114,218,499,elated
114,218,499,elated
114,218,499,elated
114,218,499,elated
114,224,499,elated
114,218,499,elated
114,218,499,elated
114,218,499,elated
114,221,499,elated
114,224,499,elated
114,229,499,elated
114,233,499,elated
114,235,499,elated
114,235,499,elated
114,231,499,elated
114,232,499,elated
114,230,499,elated
114,229,499,elated
114,228,499,elated
114,227,499,elated
114,226,499,elated
114,225,499,elated
114,225,499,elated
114,225,499,elated
114,225,499,elated
114,224,499,elated
114,223,499,elated
114,223,499,elated
114,222,499,elated
114,223,499,elated
114,223,499,elated
115,223,499,elated
115,223,499,elated
115,224,499,elated
115,225,499,elated
115,224,499,elated
115,224,499,elated
115,223,499,elated
115,223,499,elated
115,224,499,elated
115,227,499,elated
115,231,499,elated
115,233,499,elated
115,233,499,elated
115,233,499,elated
115,231,499,elated
115,235,499,elated
115,228,499,elated
115,227,499,elated
115,225,499,elated
115,224,499,elated
115,224,499,elated
115,222,499,elated
115,223,499,elated
115,222,499,elated
115,221,499,elated
115,220,499,elated
115,219,499,elated
115,219,499,elated
115,219,499,elated
115,219,499,elated
115,220,499,elated
115,220,499,elated
115,220,502,elated
115,220,499,elated
115,221,499,elated
115,221,499,elated
115,223,499,elated
115,228,499,elated
115,232,499,elated
115,235,499,elated
115,236,499,elated
115,236,499,elated
115,235,499,elated
115,232,499,elated
116,231,499,elated
116,230,499,elated
116,229,499,elated
116,227,499,elated
116,226,499,elated
116,225,499,elated
116,226,499,elated
116,225,499,elated
116,225,499,elated
116,225,499,elated
116,224,499,elated
116,223,499,elated
116,222,499,elated
116,222,499,elated
116,221,499,elated
116,221,499,elated
116,221,499,elated
116,221,499,elated
116,220,499,elated
116,220,499,elated
116,222,499,elated
116,225,499,elated
116,229,499,elated
116,234,501,elated
116,235,499,elated
116,237,499,elated
116,235,499,elated
116,234,499,elated
116,233,499,elated
116,233,499,elated
116,233,499,elated
116,232,499,elated
116,230,499,elated
116,228,499,elated
116,227,499,elated
116,226,499,elated
116,223,499,elated
116,226,499,elated
116,225,499,elated
116,225,499,elated
116,224,499,elated
116,223,499,elated
116,223,499,elated
117,223,499,elated
117,223,499,elated
117,222,499,elated
117,221,499,elated
117,221,499,elated
117,221,499,elated
117,222,499,elated
117,225,499,elated
117,230,499,elated
117,234,499,elated
117,237,499,elated
117,237,499,elated
117,237,499,elated
117,235,499,elated
117,233,499,elated
117,232,499,elated
117,230,499,elated
117,229,499,elated
117,228,499,elated
117,227,499,elated
117,226,499,elated
117,226,499,elated
117,225,499,elated
117,225,499,elated
117,224,499,elated
117,224,499,elated
117,223,499,elated
117,222,499,elated
117,221,499,elated
117,220,499,elated
117,220,499,elated
117,220,499,elated
117,220,499,elated
117,220,498,elated
117,222,498,elated
117,225,498,elated
117,229,499,elated
117,233,498,elated
117,235,498,elated
117,236,498,elated
117,234,498,elated
117,233,498,elated
117,231,498,elated
117,230,498,elated
118,228,498,elated
118,227,498,elated
118,226,498,elated
118,225,498,elated
118,225,498,elated
118,225,498,elated
118,225,498,elated
118,225,498,elated
118,225,498,elated
118,224,498,elated
118,224,498,elated
118,223,498,elated
118,223,498,elated
118,222,498,elated
118,222,498,elated
118,221,498,elated
118,221,498,elated
118,221,498,elated
118,223,498,elated
118,228,498,elated
118,233,498,elated
118,238,498,elated
118,240,498,elated
118,242,498,elated
118,240,498,elated
118,238,498,elated
118,236,498,elated
118,234,498,elated
118,233,498,elated
118,230,498,elated
118,229,498,elated
118,228,498,elated
118,227,498,elated
118,227,498,elated
118,227,498,elated
118,227,498,elated
118,226,498,elated
118,226,497,elated
118,224,497,elated
118,223,497,elated
118,223,497,elated
118,223,497,elated
118,223,497,elated
118,223,497,elated
119,222,497,elated
119,221,497,elated
119,222,497,elated
119,224,497,elated
119,227,497,elated
119,233,497,elated
119,238,497,elated
119,242,497,elated
119,243,497,elated
119,243,497,elated
119,240,497,elated
119,239,497,elated
119,237,497,elated
119,233,497,elated
119,233,497,elated
119,231,497,elated
119,228,497,elated
119,228,497,elated
119,228,497,elated
119,228,497,elated
119,227,497,elated
119,227,497,elated
119,226,497,elated
119,225,497,elated
119,224,497,elated
119,223,497,elated
119,222,497,elated
119,222,497,elated
119,221,497,elated
119,227,497,elated
119,221,497,elated
119,220,497,elated
119,217,497,elated
119,221,497,elated
119,223,497,elated
119,226,497,elated
119,232,497,elated
119,238,497,elated
119,241,497,elated
119,242,497,elated
119,241,497,elated
119,240,497,elated
119,238,497,elated
119,236,497,elated
120,234,497,elated
120,232,497,elated
120,229,497,elated
120,227,497,elated
120,226,497,elated
120,225,497,elated
120,224,497,elated
120,223,497,elated
120,224,497,elated
120,225,497,elated
120,224,497,elated
120,223,497,elated
120,222,497,elated
120,222,497,elated
120,221,497,elated
120,220,497,elated
120,220,497,elated
120,220,497,elated
120,220,497,elated
120,220,497,elated
120,220,497,elated
120,220,497,elated
120,220,497,elated
120,222,497,elated
120,226,497,elated
120,232,497,elated
120,236,497,elated
120,239,497,elated
120,239,497,elated
120,238,501,elated
120,236,497,elated
120,234,497,elated
120,232,497,elated
120,231,497,elated
120,230,497,elated
120,229,497,elated
120,227,497,elated
120,226,497,elated
120,225,497,elated
120,225,497,elated
120,225,497,elated
120,224,497,elated
120,223,497,elated
